cv_cid,course_pretitle,course_title,course_description
USIS5STDNOBQGGHXDDG7,TRC.2016 (2016/1),การควบคุมยาสูบ รุ่นที่ 4,
ODRCRDFROFTNYRC0PQU2,CU.MOOC.0001 (2016/2),Survival Thai,"<p>This <strong>Survival Thai</strong> course aims at teaching the Thai language and culture at a basic level to students and those who are interested. It consists of 14 lessons classified into 4 groups, with a focus on the spoken language used in everyday life.</p><p>Each lesson presents vocabulary, a role-play conversation and an explanation by the instructor. A simplified phonetic transcription system is used to represent the sounds of consonants, vowels and tones in spoken Thai. The system should help learners to understand and to practice pronunciation more easily and with consistency throughout the whole course.</p>"
9W16HUAN3F0LB16BN1QC,TRC.ELearning (2017/1),การควบคุมยาสูบ รุ่นที่ 5,
NTFBS3C5O5HPWTX9B8YJ,CU.MOOC.0002 (2017/1),ภาษาอาหรับในชีวิตประจำวัน,รายวิชาภาษาอาหรับในชีวิตประจำวัน จะเป็นการศึกษาเกี่ยวกับการทักทายและการแนะนำตัว ในรูปแบบต่างๆ ตามสถานการณ์  การสนทนา โดยจะแบ่งการสนทนา ออกเป็น 4 แบบ ได้แก่ เกี่ยวกับบุคคลเกี่ยวกับสิ่งของ  เกี่ยวกับตัวเลขและเวลา  และเกี่ยวกับสถานที่  โดยจะมีบทสนทนาถาม ตอบคำถาม การบรรยายลักษณะ  การนำมาใช้ในชีวิตประจำวัน  การใช้กริยาคำสั่งและการขอร้อง  สุดท้ายจะพูดถึงการแสดงความเห็นและความรู้สึก
P074WP7NLCCMPJ200PE8,CU.MOOC.0003 (2017/1),การทำความเข้าใจงบการเงิน,รายวิชาการทำความเข้าใจงบการเงิน จะเป็นการศึกษาเกี่ยวกับองค์ประกอบของงบการเงิน ได้แก่ งบแสดงฐานะการเงิน งบกำไรขาดทุนเบ็ดเสร็จ งบกระแสเงินสด และงบแสดงการเปลี่ยนแปลงในส่วนของเจ้าของ รายการในงบแสดงฐานะการเงิน งบกำไรขาดทุนเบ็ดเสร็จ งบกระแสเงินสด และงบแสดงการเปลี่ยนแปลงในส่วนของเจ้าของ ประโยชน์ของแต่ละงบการเงิน ความสัมพันธ์ของงบกำไรขาดทุนเบ็ดเสร็จ งบแสดงฐานะการเงิน และงบกระแสเงินสด
5XHLA2Y7H0QLFD1DWNY8,CU.MOOC.004 (2017/1),การตลาดในศตวรรษที่ 21,รายวิชาการตลาดในศตวรรษที่ 21 จะเป็นการศึกษาเกี่ยวกับนิยามของการตลาด แนวคิดหลักเกี่ยวกับการตลาดตั้งแต่อดีตจนถึงปัจจุบัน และการตลาดแบบองค์รวม (Holistic Marketing) ซึ่งเป็นสิ่งที่สำคัญสำหรับการตลาดในทศวรรษที่ 21
2HY2YXY2OE3GY4BA6VYY,CU.MOOC.0001 (2017/1),Survival Thai (Class of 2017),"<p>This <strong>Survival Thai</strong> course aims at teaching the Thai language and culture at a basic level to students and those who are interested. It consists of 14 lessons classified into 4 groups, with a focus on the spoken language used in everyday life.</p><p>Each lesson presents vocabulary, a role-play conversation and an explanation by the instructor. A simplified phonetic transcription system is used to represent the sounds of consonants, vowels and tones in spoken Thai. The system should help learners to understand and to practice pronunciation more easily and with consistency throughout the whole course.</p>"
TC9PB66AVX3R5DS5TQMZ,CU.MOOC.0002.2 (2017/1),ภาษาอาหรับในชีวิตประจำวัน (รุ่นที่ 1),รายวิชาภาษาอาหรับในชีวิตประจำวัน จะเป็นการศึกษาเกี่ยวกับการทักทายและการแนะนำตัว ในรูปแบบต่างๆ ตามสถานการณ์  การสนทนา โดยจะแบ่งการสนทนา ออกเป็น 4 แบบ ได้แก่ เกี่ยวกับบุคคลเกี่ยวกับสิ่งของ  เกี่ยวกับตัวเลขและเวลา  และเกี่ยวกับสถานที่  โดยจะมีบทสนทนาถาม ตอบคำถาม การบรรยายลักษณะ  การนำมาใช้ในชีวิตประจำวัน  การใช้กริยาคำสั่งและการขอร้อง  สุดท้ายจะพูดถึงการแสดงความเห็นและความรู้สึก
TJ39ZYUZ7HNE371LMWF0,CU.MOOC.0005 (2017/1),English for Careers I: For Hotel Staff,<h3>เกี่ยวกับรายวิชา</h3><p>รายวิชา English for Careers I : For Hotel Staff จะเป็นการศึกษาเกี่ยวกับบทสนทนา คำศัพท์ และสำนวนที่เกี่ยวกับพนักงานโรงแรม</p><h3>วัตถุประสงค์</h3><p>เพื่อให้ผู้เรียนสามารถฝึกฝนและพัฒนาทักษะด้านการสื่อสารภาษาอังกฤษ และสามารถนำไปใช้ได้ในชีวิตประจำวัน และการประกอบอาชีพต่างๆ</p><p style='font-size:0.5em'>Cover adapted from Ian Schneider on Unsplash</p>
0TLKWF3A315ALPAUIU1M,CU.MOOC.0006 (2017/1),English for Careers I​I: For Restaurant Staff,<h3>เกี่ยวกับรายวิชา</h3><p>รายวิชา English for Careers II : For Restaurant staff จะเป็นการศึกษาเกี่ยวกับบทสนทนา คำศัพท์ และสำนวนที่เกี่ยวกับพนักงานร้านอาหาร</p><h3>วัตถุประสงค์</h3><p>เพื่อให้ผู้เรียนสามารถฝึกฝนและพัฒนาทักษะด้านการสื่อสารภาษาอังกฤษ และสามารถนำไปใช้ได้ในชีวิตประจำวัน และการประกอบอาชีพต่างๆ</p><p style='font-size:0.5em'>Cover adapted from Ian Schneider on Unsplash</p>
E03Q8Y0SELQE6KZQST0A,CU.MOOC.0007 (2017/1),Critical Thinking for Business,<h3>เกี่ยวกับรายวิชา</h3><p>รายวิชา Critical Thinking for Business จะเป็นการศึกษาเกี่ยวกับแนวคิด Paradigm and critical Thinking  Socratic Method  Thinking about Thinking  และนำเสนอกรณีศึกษาเกี่ยวกับกระบวนการคิดในรูปแบบต่าง ๆ</p><h3>วัตถุประสงค์</h3><ol><li>เพื่อให้ผู้เรียนสามารถทราบแนวคิด และเทคนิค รวมถึงวิธีการคิดแบบ Critical Thinking</li><li>เพื่อให้ผู้เรียนเป็นผู้ที่สามารถคิดเป็น ทำเป็น และแก้ปัญหาเป็นระเบียบเพิ่มมากขึ้น</li><li>เพื่อให้ผู้เรียนเป็นผู้ที่มีความคิดอย่างละเอียด และสามารถนำไปปรับใช้ในการเรียน การทำงาน และชีวิตประจำวัน </li></ol><p style='font-size:0.5em'>Cover adapted from Steven Ramon on Unsplash</p>
DBK4CIYJZTBCYBNGY2FC,CU.MOOC.007 (2017/1),ภาษาอาหรับเบื้องต้น,<h3>เกี่ยวกับรายวิชา</h3><p>รายวิชาภาษาอาหรับเบื้องต้น จะเป็นการศึกษาเกี่ยวกับความสำคัญของภาษาอาหรับเบื้องต้นและวิธีการเรียนภาษาอาหรับ รวมไปถึงความรู้ทั่วไปเกี่ยวกับภาษาอาหรับ ได้แก่ ลักษณะทางภายภาพของภาษาอาหรับ ภาษาที่ใช้ตัวอักษรอาหรับเป็นตัวเขียน การสาธิตการเขียนตัวอักษรอาหรับจากผู้เชี่ยวชาญ การออกเสียงและการใช้ Motion Graphic ประกอบคำบรรยาย</p><h3>วัตถุประสงค์</h3><ol><li>เป็นการเรียนรู้ความสำคัญของภาษาอาหรับเบื้องต้น โดยผู้เรียนสามารถเขียนภาษาอาหรับได้</li><li>เป็นการเรียนรู้ความสำคัญของภาษาอาหรับเบื้องต้น โดยผู้เรียนสามารถออกเสียงภาษาอาหรับได้</li></ol>
0XZI7HDLAWRDD50A3S5Q,CU.MOOC.009 (2017/1),ทำอย่างไรให้สินค้า go inter ขายได้ขายดี และดังข้ามโลก,<h3>เกี่ยวกับรายวิชา</h3><p>รายวิชา ทำอย่างไรให้สินค้า go inter... ขายได้ขายดี และดังข้ามโลก จะเป็นการศึกษาเกี่ยวกับหัวใจของการสื่อสารการตลาดระหว่างประเทศ โดยจะนำเสนอแนวคิดต่างๆ และเทคนิคสั้นๆ ง่ายๆ ที่จะทำให้ธุรกิจการค้าสามารถส่งออกสินค้าไปขายทั่วโลก และจะเป็นการค้าที่ยั่งยืนต่อไป</p><h3>วัตถุประสงค์</h3><ol><li>พื่อเผยแพร่องค์ความรู้เกี่ยวกับการสื่อสารการตลาดระหว่างประเทศให้แก่ผู้ประกอบธุรกิจและนิสิต นักศึกษา ประชาชนทั่วไปที่สนใจ</li><li>เพื่อนำองค์ความรู้เกี่ยวกับการสื่อสารการตลาดระหว่างประเทศมาจัดทำเป็นสื่อการสอนในรูปแบบวิดีโอเพื่อให้เกิดความเข้าใจที่ชัดเจนและง่ายต่อการนำไปใช้</li><li>เพื่อนำองค์ความรู้เกี่ยวกับการสื่อสารการตลาดระหว่างประเทศมารวบรวมอย่างเป็นระบบระเบียบและสามารถให้ผู้สนใจนำไปต่อยอดความคิดในการทำการตลาดหรือการทำงานที่เกี่ยวข้องอื่นๆ ได้ในอนาคต</li></ol>
292JLHBNNB1FCHZ31P25,CU.MOOC.008 (2017/1),การสร้าง Infographics: What &amp; How ?,<h3>เกี่ยวกับรายวิชา</h3><p>รายวิชา การสร้าง Infographics : What &amp; How? จะเป็นการศึกษาเกี่ยวกับองค์ประกอบทางทัศนศิลป์ การจัดองค์ประกอบของภาพนิ่ง และโปสเตอร์ การจัดองค์ประกอบภาพเคลื่อนไหว การสร้างแผนภูมิ ประกอบด้วย แผนภูมิแท่ง แผนภูมิโดนัท แผนภูมิรูปภาพ และแผนภูมิภาพจริง รวมถึงการบันทึกไฟล์แบบต่างๆ โดยใช้โปรแกรม Microsoft Office : PowerPoint</p><h3>วัตถุประสงค์</h3><ol><li>เพื่อให้ผู้เรียนได้ทราบแนวคิด และเทคนิค การสร้าง Infographic ด้วยโปรแกรม PowerPoint</li><li>เพื่อให้ผู้เรียนสามารถฝึกสร้าง Infographic แบบง่ายๆ ได้ด้วยโปรแกรม PowerPoint</li><li>เพื่อให้ผู้เรียนสามารถจัดองค์ประกอบของภาพนิ่ง และภาพเคลื่อนไหวได้อย่างมีประสิทธิภาพ</li></ol>
XLR53L88VNA8M6QBXNZ4,CU.MOOC.010 (2017/1),IT Security,<h3>เกี่ยวกับรายวิชา</h3><p>รายวิชา IT Security จะเป็นการศึกษาเกี่ยวกับความหมายของคำว่า Security  ข้อแตกต่างระหว่าง Security และ Privacy   ความสำคัญของการตั้งรหัสผ่าน  แล้วรหัสผ่านที่ดีควรเป็นอย่างไร  รวมไปถึงเรื่องของการใช้ Social Network ที่ถูกต้อง  Social Engineering  การใช้ WiFi ฟรีปลอดภัยจริงหรือ  และสุดท้ายมารู้จักกับ Malware Viruses และ Worms</p><h3>วัตถุประสงค์</h3><ol><li>เพื่อเผยแพร่องค์ความรู้เกี่ยวกับ IT Security ให้แก่นิสิต นักศึกษา ประชาชนทั่วไปที่สนใจ</li><li>เพื่อให้ผู้เรียนสามารถนำองค์ความรู้ไปใช้ประโยชน์ในชีวิตประจำวันได้อย่างมีประสิทธิภาพ</li></ol>
Q56DOQ8I5QEOOR28I3F0,2803381 (2017/2),International Advertising and Marketing Communications,"This is an exclusive online course for 2803381 International Advertising and Marketing Communication, Chulalongkorn University"
31I5F0GZO7SJZQ6YW2M5,CU.MOOC.001.02 (2017/2),การตลาดในศตวรรษที่ 21 รุ่นที่ 2,รายวิชาการตลาดในศตวรรษที่ 21 จะเป็นการศึกษาเกี่ยวกับนิยามของการตลาด แนวคิดหลักเกี่ยวกับการตลาดตั้งแต่อดีตจนถึงปัจจุบัน และการตลาดแบบองค์รวม (Holistic Marketing) ซึ่งเป็นสิ่งที่สำคัญสำหรับการตลาดในทศวรรษที่ 21
6UPBLIGCIUERR27OAEQE,CU.MOOC.011 (2017/2),Survival Thai,"Survival Thai online course provides you lessons on conversations, vocabulariesand idioms about self-introduction, pronouns, farewell and thank you expressions, orderingfood, time and date, making an appointment, seasons and weather, colors, asking questions,telling directions, making apologies and requests, asking for permissions, prohibitions, body,health,illnesses and hobbies.<h2>Course Purpose</h2><ol><li>To instruct knowledges about Thai language and culture to Thai and foreignlearners.</li><li>To develop learners’ Thai communication skills for daily life.</li></ol>"
IZQQH5BIZTR18RBD8Z7L,CU.MOOC.012 (2017/2),Thai on campus,"Thai on Campus online course provides you lessons on informal conversations,vocabularies and idioms about greetings, food ordering and CU students&apos; clothing.<h2>Objectives</h2><ol><li>To instruct knowledge about Thai language and culture to Thai and foreign learners.</li><li>To develop learners&apos; Thai communication skills for daily life.</li><li>To encourage learners to have intimate conversations with friends in the university.</li></ol>"
YFKR1I2LVW5MWMFDEQDX,CU.MOOC.002.AMATA (2017/2),การทำความเข้าใจงบการเงิน (AMATA),รายวิชาการทำความเข้าใจงบการเงิน จะเป็นการศึกษาเกี่ยวกับองค์ประกอบของงบการเงิน ได้แก่ งบแสดงฐานะการเงิน งบกำไรขาดทุนเบ็ดเสร็จ งบกระแสเงินสด และงบแสดงการเปลี่ยนแปลงในส่วนของเจ้าของ รายการในงบแสดงฐานะการเงิน งบกำไรขาดทุนเบ็ดเสร็จ งบกระแสเงินสด และงบแสดงการเปลี่ยนแปลงในส่วนของเจ้าของ ประโยชน์ของแต่ละงบการเงิน ความสัมพันธ์ของงบกำไรขาดทุนเบ็ดเสร็จ งบแสดงฐานะการเงิน และงบกระแสเงินสด
SWAAXVH11ALLQN7G45UY,CU.MOOC.004.AMATA (2017/2),Critical Thinking for Business (For AMATA),รายวิชา Critical Thinking for Business จะเป็นการศึกษาเรื่องกระบวนการคิด ตั้งแต่เรื่องกรอบความคิดเดิม (Paradigm) วิธีการตั้งคำถามแบบ Socratic Method และการคิดก่อนคิด (Thinking about Thinking) เพื่อคลายกรอบความคิดเดิม รวมถึงจะมีการนำเสนอเครื่องมือเพิ่มเติมในการฝึกคิด และกรณีศึกษาเกี่ยวกับกระบวนการคิดในรูปแบบต่าง ๆ
JXEY3KRXAA1G8UKKN486,CU.MOOC.008.AMATA (2017/2),การสร้าง Infographics: What & How?,<h3>เกี่ยวกับรายวิชา</h3><p>รายวิชา การสร้าง Infographics : What &amp; How? จะเป็นการศึกษาเกี่ยวกับองค์ประกอบทางทัศนศิลป์ การจัดองค์ประกอบของภาพนิ่ง และโปสเตอร์ การจัดองค์ประกอบภาพเคลื่อนไหว การสร้างแผนภูมิ ประกอบด้วย แผนภูมิแท่ง แผนภูมิโดนัท แผนภูมิรูปภาพ และแผนภูมิภาพจริง รวมถึงการบันทึกไฟล์แบบต่างๆ โดยใช้โปรแกรม Microsoft Office : PowerPoint</p><h3>วัตถุประสงค์</h3><ol><li>เพื่อให้ผู้เรียนได้ทราบแนวคิด และเทคนิค การสร้าง Infographic ด้วยโปรแกรม PowerPoint</li><li>เพื่อให้ผู้เรียนสามารถฝึกสร้าง Infographic แบบง่ายๆ ได้ด้วยโปรแกรม PowerPoint</li><li>เพื่อให้ผู้เรียนสามารถจัดองค์ประกอบของภาพนิ่ง และภาพเคลื่อนไหวได้อย่างมีประสิทธิภาพ</li></ol>
CG6QFRWN1SY7CGX4O10L,3202205 (2017/2),Microbiology in Dentistry Lab,
SB213UJWNB1OA9OBATG9,CU.ENG.001 (2017/2),Role of Statistics in Engineering,
GH3SDVVXEM61B0IQ9365,2803306 (2017/2),2803306 (2017/2) การสร้าง Infographics,<h3>เกี่ยวกับรายวิชา</h3><p>รายวิชา การสร้าง Infographics : What &amp; How? จะเป็นการศึกษาเกี่ยวกับองค์ประกอบทางทัศนศิลป์ การจัดองค์ประกอบของภาพนิ่ง และโปสเตอร์ การจัดองค์ประกอบภาพเคลื่อนไหว การสร้างแผนภูมิ ประกอบด้วย แผนภูมิแท่ง แผนภูมิโดนัท แผนภูมิรูปภาพ และแผนภูมิภาพจริง รวมถึงการบันทึกไฟล์แบบต่างๆ โดยใช้โปรแกรม Microsoft Office : PowerPoint</p><h3>วัตถุประสงค์</h3><ol><li>เพื่อให้ผู้เรียนได้ทราบแนวคิด และเทคนิค การสร้าง Infographic ด้วยโปรแกรม PowerPoint</li><li>เพื่อให้ผู้เรียนสามารถฝึกสร้าง Infographic แบบง่ายๆ ได้ด้วยโปรแกรม PowerPoint</li><li>เพื่อให้ผู้เรียนสามารถจัดองค์ประกอบของภาพนิ่ง และภาพเคลื่อนไหวได้อย่างมีประสิทธิภาพ</li></ol>
J515WBLPALEP0TJK77OB,CU.MOOC.002.02 (2017/2),การทำความเข้าใจงบการเงิน รุ่นที่ 2,รายวิชาการทำความเข้าใจงบการเงิน จะเป็นการศึกษาเกี่ยวกับองค์ประกอบของงบการเงิน ได้แก่ งบแสดงฐานะการเงิน งบกำไรขาดทุนเบ็ดเสร็จ งบกระแสเงินสด และงบแสดงการเปลี่ยนแปลงในส่วนของเจ้าของ ประโยชน์ของแต่ละงบการเงิน ความสัมพันธ์ของงบกำไรขาดทุนเบ็ดเสร็จ งบแสดงฐานะการเงิน และงบกระแสเงินสด
LRQ3O125BDTDCHUI6CL3,CU.MOOC.013 (2017/2),หลักการพื้นฐานทางกฎหมายทั่วไป,รายวิชา หลักการพื้นฐานทางกฎหมายทั่วไป จะเป็นการศึกษาเกี่ยวกับความสัมพันธ์ระหว่างสังคมและกฎเกณฑ์ความประพฤติ ความหมายและลักษณะของกฎหมาย ที่มาของกฎหมาย ศักดิ์ของกฎหมาย ขอบเขตการใช้กฎหมาย การตีความและการอุดช่องว่างของกฎหมาย และประเภทของกฎหมาย
7M978UYOQ7J2A0EGDK3D,CU.MOOC.014 (2017/2),Introduction to Data Analytics and Big Data,รายวิชา Intro to Data Analytics and Big Data จะเป็นการศึกษาเกี่ยวกับศาสตร์แห่งการวิเคราะห์ข้อมูล โดยแบ่งเนื้อหาออกเป็น 2 ส่วน คือ Data Analytics หรือที่นิยมเรียนกันว่า DATA SCIENCE และ Big Data โดยจะเรียนรู้วิธีการวิเคราะห์ข้อมูลได้อย่างไร รวมถึงเทคนิคที่สามารถนำข้อมูลมาใช้งานได้ แม้กระทั่งขั้นตอนวิธีการทำงานหรือเรียนรู้เกี่ยวกับเครื่องมือที่ใช้ในการทำงาน ทั้งนี้ผู้สอนได้รวบรวมกรณีศึกษามานำเสนอให้ผู้เรียนได้เรียนรู้ไม่ว่าจะเป็นข้อมูลด้านการศึกษา ข้อมูล Social Online รวมไปถึงข้อมูลในรูปแบบแผนที่ และสุดท้ายจะแนะนำการทำ workshop ด้วยโปรแกรม rapidminer
42O8SFZVBF7FNR8ZVL3L,FECAMP (2017/2),FEST by FE Camp 11,
WDAYUWQPFCDLTEZMTH5P,CU.MOOC.001.BIH (2017/2),การตลาดในศตวรรษที่ 21 (BIH),รายวิชาการตลาดในศตวรรษที่ 21 จะเป็นการศึกษาเกี่ยวกับนิยามของการตลาด แนวคิดหลักเกี่ยวกับการตลาดตั้งแต่อดีตจนถึงปัจจุบัน และการตลาดแบบองค์รวม (Holistic Marketing) ซึ่งเป็นสิ่งที่สำคัญสำหรับการตลาดในศตวรรษที่ 21
SUU7V9EQ0VA8SX34BEZ6,CU.MOOC.002.BIH (2017/2),การทำความเข้าใจงบการเงิน (BIH),รายวิชาการทำความเข้าใจงบการเงิน จะเป็นการศึกษาเกี่ยวกับองค์ประกอบของงบการเงิน ได้แก่ งบแสดงฐานะการเงิน งบกำไรขาดทุนเบ็ดเสร็จ งบกระแสเงินสด และงบแสดงการเปลี่ยนแปลงในส่วนของเจ้าของ ประโยชน์ของแต่ละงบการเงิน ความสัมพันธ์ของงบกำไรขาดทุนเบ็ดเสร็จ งบแสดงฐานะการเงิน และงบกระแสเงินสด
PQ9L9SJHUPV15IN48NMP,CU.MOOC.004.BIH (2017/2),Critical Thinking for Business (BIH),รายวิชา Critical Thinking for Business จะเป็นการศึกษาเรื่องกระบวนการคิด ตั้งแต่เรื่องกรอบความคิดเดิม (Paradigm) วิธีการตั้งคำถามแบบ Socratic Method และการคิดก่อนคิด (Thinking about Thinking) เพื่อคลายกรอบความคิดเดิม รวมถึงจะมีการนำเสนอเครื่องมือเพิ่มเติมในการฝึกคิด และกรณีศึกษาเกี่ยวกับกระบวนการคิดในรูปแบบต่างๆ
BI9YROMYAXVJ274847NJ,CU.MOOC.009.BIH (2017/2),ทำอย่างไรให้สินค้า go inter ขายได้ขายดี และดังข้ามโลก (BIH),รายวิชา ทำอย่างไรให้สินค้า go inter... ขายได้ขายดี และดังข้ามโลก จะเป็นการศึกษาเกี่ยวกับหัวใจของการสื่อสารการตลาดระหว่างประเทศ โดยจะนำเสนอแนวคิดต่างๆ และเทคนิคสั้นๆ ง่ายๆ ที่จะทำให้ธุรกิจการค้าสามารถส่งออกสินค้าไปขายทั่วโลก และจะเป็นการค้าที่ยั่งยืนต่อไป
SHGDMDOJQKSN8OW91B3O,CU.MOOC.005.BIH (2017/2),English for Careers I: For Hotel Staff (BIH),รายวิชา English for Careers I : For Hotel Staff จะเป็นการศึกษาเกี่ยวกับบทสนทนา คำศัพท์ และสำนวนที่เกี่ยวกับพนักงานโรงแรม
EXUNPATF4LG006CP4AZ9,CU.MOOC.006.BIH (2017/2),English for Careers I​I: For Restaurant Staff (BIH),รายวิชา English for Careers II : For Restaurant staff จะเป็นการศึกษาเกี่ยวกับบทสนทนา คำศัพท์ และสำนวนที่เกี่ยวกับพนักงานร้านอาหาร
GO9R3FH2T2WXZO77V2LB,CU.MOOC.013.BIH (2017/2),หลักการพื้นฐานทางกฎหมายทั่วไป (BIH),รายวิชา หลักการพื้นฐานทางกฎหมายทั่วไป จะเป็นการศึกษาเกี่ยวกับความสัมพันธ์ระหว่างสังคมและกฎเกณฑ์ความประพฤติ ความหมายและลักษณะของกฎหมาย ที่มาของกฎหมาย ศักดิ์ของกฎหมาย ขอบเขตการใช้กฎหมาย การตีความและการอุดช่องว่างของกฎหมาย และประเภทของกฎหมาย
0FVWM6K4PO7GY7UMS0CV,CU.MOOC.014.BIH (2017/2),Introduction to Data Analytics and Big Data (BIH),รายวิชา Intro to Data Analytics and Big Data จะเป็นการศึกษาเกี่ยวกับศาสตร์แห่งการวิเคราะห์ข้อมูล โดยแบ่งเนื้อหาออกเป็น 2 ส่วน คือ Data Analytics หรือที่นิยมเรียนกันว่า DATA SCIENCE และ Big Data โดยจะเรียนรู้วิธีการวิเคราะห์ข้อมูลได้อย่างไร รวมถึงเทคนิคที่สามารถนำข้อมูลมาใช้งานได้ แม้กระทั่งขั้นตอนวิธีการทำงานหรือเรียนรู้เกี่ยวกับเครื่องมือที่ใช้ในการทำงาน ทั้งนี้ผู้สอนได้รวบรวมกรณีศึกษามานำเสนอให้ผู้เรียนได้เรียนรู้ไม่ว่าจะเป็นข้อมูลด้านการศึกษา ข้อมูล Social Online รวมไปถึงข้อมูลในรูปแบบแผนที่ และสุดท้ายจะแนะนำการทำ workshop ด้วยโปรแกรม rapidminer
UF2D6JSZXY1PLZXMZ7KI,CU.MOOC.008.BIH (2017/2),การสร้าง Infographics: What & How? (BIH),รายวิชาการสร้าง Infographics : What & How? จะเป็นการศึกษาเกี่ยวกับการสร้าง Infographic รูปแบบต่างๆผ่านโปรแกรม Microsoft Office : Powerpoint ได้แก่ การสร้างแผนภูมิแท่ง แผนภูมิโดนัท แผนภูมิรูปภาพ Infographic ภาพจริง รวมถึงการจัดองค์ประกอบภาพนิ่ง การเลือกฟอนท์ การคิดคำพาดหัว การทำภาพเคลื่อนไหว และการบันทึกไฟล์
FTNFRG85UOAQ28EDI2XK,CU.MOOC.015 (2017/2),เคล็ดวิชาค้นคว้า กระบวนท่านำเสนอผลงาน,เคล็ดวิชาค้นคว้า กระบวนท่านำเสนอผลงาน จะเป็นการเรียนเกี่ยวกับทักษะการค้นคว้า รู้จักวิธีการค้นคว้าวิจัย การเข้าถึงแห่งสารสนเทศวิชาการได้ สามารถประเมินสารสนเทศ และเรียบเรียงผลงานทางวิชาการโดยสอดคล้องกับจริยธรรมและจรรยาบรรณผู้วิจัย และการอ้างอิงได้อย่างถูกต้อง
DM7ISMNLA9OCD01MNZLU,CU.MOOC.004.02 (2017/2),Critical Thinking for Business รุ่นที่ 2,รายวิชา Critical Thinking for Business จะเป็นการศึกษาเรื่องกระบวนการคิด ตั้งแต่เรื่องกรอบความคิดเดิม (Paradigm) วิธีการตั้งคำถามแบบ Socratic Method และการคิดก่อนคิด (Thinking about Thinking) เพื่อคลายกรอบความคิดเดิม รวมถึงจะมีการนำเสนอเครื่องมือเพิ่มเติมในการฝึกคิด และกรณีศึกษาเกี่ยวกับกระบวนการคิดในรูปแบบต่างๆ
WTRSAXT0272U3FW881JH,CU.MOOC.008.02 (2017/2),การสร้าง Infographics: What & How? รุ่นที่ 2,รายวิชาการสร้าง Infographics : What & How? จะเป็นการศึกษาเกี่ยวกับการสร้าง Infographic รูปแบบต่างๆผ่านโปรแกรม Microsoft Office : Powerpoint ได้แก่ การสร้างแผนภูมิแท่ง แผนภูมิโดนัท แผนภูมิรูปภาพ Infographic ภาพจริง รวมถึงการจัดองค์ประกอบภาพนิ่ง การเลือกฟอนท์ การคิดคำพาดหัว การทำภาพเคลื่อนไหว และการบันทึกไฟล์
05D56Q0SK46GK59IAFJZ,CU.MOOC.016 (2017/2),หลักการพื้นฐานทางกฎหมายอาญา​,รายวิชา หลักการพื้นฐานทางกฎหมายอาญา จะมีเนื้อหาให้ความรู้เกี่ยวกับหลักการพื้นฐานเกี่ยวกับกฎหมายอาญา โครงสร้างความรับผิดทางอาญา เหตุลดโทษ การพยายามกระทำความผิด บุคคลที่เกี่ยวข้องกับการกระทำความผิด และความผิดอาญาในบางฐานความผิดที่สำคัญ
FA6JAZ3XZFBY9NFCBFHD,CU.MOOC.009.02 (2017/2),ทำอย่างไรให้สินค้า go inter ขายได้ขายดี และดังข้ามโลก รุ่นที่ 2,รายวิชา ทำอย่างไรให้สินค้า go inter... ขายได้ขายดี และดังข้ามโลก จะเป็นการศึกษาเกี่ยวกับหัวใจของการสื่อสารการตลาดระหว่างประเทศ โดยจะนำเสนอแนวคิดต่างๆ และเทคนิคสั้นๆ ง่ายๆ ที่จะทำให้ธุรกิจการค้าสามารถส่งออกสินค้าไปขายทั่วโลก และจะเป็นการค้าที่ยั่งยืนต่อไป
XMTHLWG07XNN2F6ZR9Z0,CU.MOOC.017 (2017/2),ภาษารัสเซียเบื้องต้น,รายวิชา ภาษารัสเซียเบื้องต้น จะมีเนื้อหาให้ความรู้เกี่ยวกับตัวอักษร ระบบการออกเสียง ไวยากรณ์รัสเซียขั้นพื้นฐาน การฝึกทักษะด้านการฟัง พูดและอ่าน
A7T2ID3H7OCA50HYLE5Y,CU.MOOC.014.SCB (2017/2),Introduction to Data Analytics and Big Data (SCB),รายวิชา Intro to Data Analytics and Big Data จะเป็นการศึกษาเกี่ยวกับศาสตร์แห่งการวิเคราะห์ข้อมูล โดยแบ่งเนื้อหาออกเป็น 2 ส่วน คือ Data Analytics หรือที่นิยมเรียนกันว่า DATA SCIENCE และ Big Data โดยจะเรียนรู้วิธีการวิเคราะห์ข้อมูลได้อย่างไร รวมถึงเทคนิคที่สามารถนำข้อมูลมาใช้งานได้ แม้กระทั่งขั้นตอนวิธีการทำงานหรือเรียนรู้เกี่ยวกับเครื่องมือที่ใช้ในการทำงาน ทั้งนี้ผู้สอนได้รวบรวมกรณีศึกษามานำเสนอให้ผู้เรียนได้เรียนรู้ไม่ว่าจะเป็นข้อมูลด้านการศึกษา ข้อมูล Social Online รวมไปถึงข้อมูลในรูปแบบแผนที่ และสุดท้ายจะแนะนำการทำ workshop ด้วยโปรแกรม rapidminer
BVMJQ55OFZ5QDHC9S6K0,CU.MOOC.011.02 (2017/2),Survival Thai รุ่นที่ 2,"‘Survival Thai’ online course provides you lessons on conversations, vocabulariesand idioms about self-introduction, pronouns, farewell and thank you expressions, orderingfood, time and date, making an appointment, seasons and weather, colors, asking questions,telling directions, making apologies and requests, asking for permissions, prohibitions, body,health,illnesses and hobbies."
7CRXZBIZG3065FGF1EX7,CU.MOOC.012.02 (2017/2),Thai on campus รุ่นที่ 2,"‘Thai on Campus’ online course provides you lessons on informal conversations,vocabularies and idioms about greetings, food ordering and CU students’ clothing."
I8DFH7UV5ZTLVFVIRXU3,CU.MOOC.014.02 (2017/3),Introduction to Data Analytics and Big Data รุ่นที่ 2,รายวิชา Intro to Data Analytics and Big Data จะเป็นการศึกษาเกี่ยวกับศาสตร์แห่งการวิเคราะห์ข้อมูล โดยแบ่งเนื้อหาออกเป็น 2 ส่วน คือ Data Analytics หรือที่นิยมเรียนกันว่า DATA SCIENCE และ Big Data โดยจะเรียนรู้วิธีการวิเคราะห์ข้อมูลได้อย่างไร รวมถึงเทคนิคที่สามารถนำข้อมูลมาใช้งานได้ แม้กระทั่งขั้นตอนวิธีการทำงานหรือเรียนรู้เกี่ยวกับเครื่องมือที่ใช้ในการทำงาน ทั้งนี้ผู้สอนได้รวบรวมกรณีศึกษามานำเสนอให้ผู้เรียนได้เรียนรู้ไม่ว่าจะเป็นข้อมูลด้านการศึกษา ข้อมูล Social Online รวมไปถึงข้อมูลในรูปแบบแผนที่ และสุดท้ายจะแนะนำการทำ workshop ด้วยโปรแกรม rapidminer
UMF4ZAMAJ3UAKSY5URJR,CU.MOOC.018 (2017/3),เรื่องสิ่งแวดล้อมเรื่องของเรา Food-Water-Energy NEXUS,รายวิชา เรื่องสิ่งแวดล้อมเรื่องของเรา จะมีเนื้อหาเกี่ยวกับการเผยแพร่ความรู้พื้นฐานที่เกี่ยวกับสิ่งแวดล้อมรอบตัวมนุษย์ โดยมุ่งเน้นให้ผู้เรียนได้มีโอกาสเรียนรู้จากประสบการณ์จริงในสถานที่ต่างๆ ควบคู่ไปกับการเพิ่มพูนความรู้จากศาสตร์ที่เกี่ยวข้องไปพร้อมกัน ซึ่งเป็นการเพิ่มทักษะในการวิเคราะห์ ทำความเข้าใจปัญหาและแนวทางการดำเนินการที่เหมาะสม ในด้านเทคโนโลยี การจัดการ และการมีส่วนร่วมในการดูแลและรักษาทรัพยากรธรรมชาติและสิ่งแวดล้อม โดยอาศัยความรู้พื้นฐานด้านวิศวกรรมสิ่งแวดล้อม มาประยุกต์ใช้ให้เกิดประโยชน์ มุ่งเน้นให้ผู้เรียนสามารถวิเคราะห์และเรียนรู้ด้วยตนเอง รวมถึงเรียนรู้การทำงานร่วมกับผู้อื่น
QRYBHUNIP0IACOIL71TG,CU.MOOC.019 (2017/3),หลักการพื้นฐานทางกฎหมายแพ่ง,รายวิชา หลักการพื้นฐานทางกฎหมายแพ่ง จะมีเนื้อหาให้ความรู้เกี่ยวกับหลักการพื้นฐานเกี่ยวกับกฎหมายอาญา โครงสร้างความรับผิดทางอาญา เหตุลดโทษ การพยายามกระทำความผิด บุคคลที่เกี่ยวข้องกับการกระทำความผิด และความผิดอาญาในบางฐานความผิดที่สำคัญ
BSMTU0C3CWZ9G56XRZJQ,CU.MOOC.022 (2017/3),เรื่องสิ่งแวดล้อมเรื่องของเรา: Environment 4.0,รายวิชาเรื่องสิ่งแวดล้อมเรื่องของเรา : Environment 4.0 จะมีเนื้อหาเกี่ยวกับการเผยแพร่ความรู้พื้นฐานที่เกี่ยวกับสิ่งแวดล้อมรอบตัวมนุษย์ โดยมุ่งเน้นให้ผู้เรียนได้มีโอกาสเรียนรู้จากประสบการณ์จริงในสถานที่ต่างๆ ควบคู่ไปกับการเพิ่มพูนความรู้จากศาสตร์ที่เกี่ยวข้องไปพร้อมกัน ซึ่งเป็นการเพิ่มทักษะในการวิเคราะห์ ทำความเข้าใจปัญหาและแนวทางการดำเนินการที่เหมาะสม ในด้านเทคโนโลยี การจัดการ และการมีส่วนร่วมในการดูแลและรักษาทรัพยากรธรรมชาติและสิ่งแวดล้อม โดยอาศัยความรู้พื้นฐานด้านวิศวกรรมสิ่งแวดล้อม มาประยุกต์ใช้ให้เกิดประโยชน์ มุ่งเน้นให้ผู้เรียนสามารถวิเคราะห์และเรียนรู้ด้วยตนเอง รวมถึงเรียนรู้การทำงานร่วมกับผู้อื่น
YQVZ25H43JGP4E8JPMR3,CU.LIC.001 (2017/3),Electroplating & Surface Finishing Technology,"รายวิชาเรื่อง เทคโนโลยีการชุบโลหะด้วยไฟฟ้าและการเคลือบผิว (Electroplating & Surface Finishing Technology) จะมีเนื้อหาทั้งหมด 8 บท โดยเนื้อหาจะประกอบด้วย 2 ส่วน คือ ส่วนความรู้ และทฤษฎีพื้นฐานที่เกี่ยวข้องกับเทคโนโลยีการชุบโลหะด้วยไฟฟ้าและการเคลือบผิว และความสำคัญของเทคโนโลยีนี้ที่มีต่ออุตสาหกรรม ผ่านตัวอย่างของอุตสาหกรรมที่เกี่ยวข้องต่างๆ โดยมีหัวข้อทั้งหมด ดังนี้
<ol><li>ความรู้เบื้องต้นของการชุบโลหะด้วยไฟฟ้าและการเคลือบผิว</li>
<li>หลักการชุบโลหะด้วยไฟฟ้าและเคมีไฟฟ้า</li>
<li>เคมีไฟฟ้าเบื้องต้น</li>
<li>ความรู้พื้นฐานของการกัดกร่อน</li>
<li>การวิเคราะห์ทางเคมีไฟฟ้าสำหรับการชุบโลหะและการกัดกร่อน</li>
<li>ภาพรวมของอุตสาหกรรมและเทคโนโลยีการชุบโลหะด้วยไฟฟ้า</li>
<li>งานชุบโลหะสำหรับอุตสาหกรรมยานยนต์</li>
<li>ความรู้พื้นฐานของการชุบฮาร์ดโครม</li></ol>"
B5XYQHON1KZWVELUCFGC,BTC4744 (2018/1),การเรียนรู้เพื่อส่งเสริมพฤติกรรมป้องกันการบริโภคผลิตภัณฑ์ยาสูบ,
5PFO922O28W1W49T7T86,CENTRAL.001 (2017/3),การตลาดในศตวรรษที่ 21 (Central),รายวิชาการตลาดในศตวรรษที่ 21 จะเป็นการศึกษาเกี่ยวกับนิยามของการตลาด แนวคิดหลักเกี่ยวกับการตลาดตั้งแต่อดีตจนถึงปัจจุบัน และการตลาดแบบองค์รวม (Holistic Marketing) ซึ่งเป็นสิ่งที่สำคัญสำหรับการตลาดในศตวรรษที่ 21
MQKOHT56SGU31VHOY1QE,CENTRAL.002 (2017/3),การทำความเข้าใจงบการเงิน (Central),รายวิชาการทำความเข้าใจงบการเงิน จะเป็นการศึกษาเกี่ยวกับองค์ประกอบของงบการเงิน ได้แก่ งบแสดงฐานะการเงิน งบกำไรขาดทุนเบ็ดเสร็จ งบกระแสเงินสด และงบแสดงการเปลี่ยนแปลงในส่วนของเจ้าของ ประโยชน์ของแต่ละงบการเงิน ความสัมพันธ์ของงบกำไรขาดทุนเบ็ดเสร็จ งบแสดงฐานะการเงิน และงบกระแสเงินสด
FSZ5OXDS092PG0HGS584,CENTRAL.004 (2017/3),Critical Thinking for Business (Central),รายวิชา Critical Thinking for Business จะเป็นการศึกษาเรื่องกระบวนการคิด ตั้งแต่เรื่องกรอบความคิดเดิม (Paradigm) วิธีการตั้งคำถามแบบ Socratic Method และการคิดก่อนคิด (Thinking about Thinking) เพื่อคลายกรอบความคิดเดิม รวมถึงจะมีการนำเสนอเครื่องมือเพิ่มเติมในการฝึกคิด และกรณีศึกษาเกี่ยวกับกระบวนการคิดในรูปแบบต่างๆ
9KCRF279ORJRDE5FFK85,CENTRAL.008 (2017/3),การสร้าง Infographics: What & How? (Central),รายวิชาการสร้าง Infographics : What & How? จะเป็นการศึกษาเกี่ยวกับการสร้าง Infographic รูปแบบต่างๆผ่านโปรแกรม Microsoft Office : Powerpoint ได้แก่ การสร้างแผนภูมิแท่ง แผนภูมิโดนัท แผนภูมิรูปภาพ Infographic ภาพจริง รวมถึงการจัดองค์ประกอบภาพนิ่ง การเลือกฟอนท์ การคิดคำพาดหัว การทำภาพเคลื่อนไหว และการบันทึกไฟล์
JX096ZMWR6YC831QQIV9,CENTRAL.014 (2017/3),Introduction to Data Analytics and Big Data (Central),รายวิชา Intro to Data Analytics and Big Data จะเป็นการศึกษาเกี่ยวกับศาสตร์แห่งการวิเคราะห์ข้อมูล โดยแบ่งเนื้อหาออกเป็น 2 ส่วน คือ Data Analytics หรือที่นิยมเรียนกันว่า DATA SCIENCE และ Big Data โดยจะเรียนรู้วิธีการวิเคราะห์ข้อมูลได้อย่างไร รวมถึงเทคนิคที่สามารถนำข้อมูลมาใช้งานได้ แม้กระทั่งขั้นตอนวิธีการทำงานหรือเรียนรู้เกี่ยวกับเครื่องมือที่ใช้ในการทำงาน ทั้งนี้ผู้สอนได้รวบรวมกรณีศึกษามานำเสนอให้ผู้เรียนได้เรียนรู้ไม่ว่าจะเป็นข้อมูลด้านการศึกษา ข้อมูล Social Online รวมไปถึงข้อมูลในรูปแบบแผนที่ และสุดท้ายจะแนะนำการทำ workshop ด้วยโปรแกรม rapidminer
IUVK8F29KDGDF29B1FY3,CENTRAL.013 (2017/3),หลักการพื้นฐานทางกฎหมายทั่วไป (Central),รายวิชา หลักการพื้นฐานทางกฎหมายทั่วไป จะเป็นการศึกษาเกี่ยวกับความสัมพันธ์ระหว่างสังคมและกฎเกณฑ์ความประพฤติ ความหมายและลักษณะของกฎหมาย ที่มาของกฎหมาย ศักดิ์ของกฎหมาย ขอบเขตการใช้กฎหมาย การตีความและการอุดช่องว่างของกฎหมาย และประเภทของกฎหมาย
LY6LS4ZRPQBNBQ31P4N8,CENTRAL.005 (2017/3),English for Careers I: For Hotel Staff (Central),รายวิชา English for Careers I : For Hotel Staff จะเป็นการศึกษาเกี่ยวกับบทสนทนา คำศัพท์ และสำนวนที่เกี่ยวกับพนักงานโรงแรม
BPT2UVG8KMNWA319T3UH,CENTRAL.006 (2017/3),English for Careers I​I: For Restaurant Staff (Central),รายวิชา English for Careers II : For Restaurant staff จะเป็นการศึกษาเกี่ยวกับบทสนทนา คำศัพท์ และสำนวนที่เกี่ยวกับพนักงานร้านอาหาร
Y8T3NR4J6KG7A2HVDACP,CU.MOOC.017.02 (2017/3),ภาษารัสเซียเบื้องต้น รุ่นที่ 2,รายวิชา ภาษารัสเซียเบื้องต้น จะมีเนื้อหาให้ความรู้เกี่ยวกับตัวอักษร ระบบการออกเสียง ไวยากรณ์รัสเซียขั้นพื้นฐาน การฝึกทักษะด้านการฟัง พูดและอ่าน
97Q1CLKIGWEFNTWFZLIQ,CU.MOOC.020 (2017/3),ดนตรีคลาสสิกปริทรรศน์​,รายวิชา ดนตรีคลาสสิกปริทรรศน์ (Introduction to Classical Music) จะมีเนื้อหาที่ให้ความรู้เกี่ยวกับ ความหมาย ความสำคัญ รวมไปถึง องค์ประกอบของดนตรีคลาสสิก อีกทั้งยังได้รับความรู้เกี่ยวกับ เครื่องดนตรีแต่ละประเภท การรวมวง ดนตรีคลาสสิกในแต่ละยุค รวมถึงเพลงคลาสสิกที่ได้รับความนิยม หรือแม้กระทั่งความสัมพันธ์ระหว่าง จุฬาลงกรณ์มหาวิทยาลัย กับ ดนตรีคลาสสิก ว่าเป็นอย่างไรบ้าง และสุดท้ายการฟังดนตรีคลาสสิกจะไม่ใช่เรื่องยากอีกต่อไปถ้าเรารู้จักมารยาทในการฟังดนตรีคลาสสิก
1RJTD3WGX1GRFVMKS8L8,CU.MOOC.021 (2017/3),มหากาพย์ อังกฤษ อัพเกรด: ตั้งไข่ไวยากรณ์,รายวิชา มหากาพย์ อังกฤษ อัพเกรด: ตั้งไข่ไวยากรณ์ จะมีเนื้อหาที่ให้ความรู้เกี่ยวกับ เรื่อง Parts of Speech สอนให้ผู้เรียนรู้หน้าที่ของคำชนิดต่างๆ แยกคำชนิดต่างๆ ได้ โดยดูจาก suffixes สามารถนำความรู้เบื้องต้นนี้ไปใช้ได้อย่างถูกต้อง และสามารถทำโจทย์ที่ทดสอบเรื่อง parts of speech ได้ทุกรูปแบบ ไม่ว่าจะเป็นเติมคำ หรือ error identification
5A8YT3KKZLNDEKAFUC9G,CU.MOOC.023 (2018/1),มหากาพย์ อังกฤษ อัพเกรด: ไวยากรณ์พร้อมรบ,เนื้อหาที่ให้ความรู้ที่เน้นประเด็นไวยากรณ์ต่างๆ ที่ต้องใช้บ่อย รวมถึงเป็นกลุ่มที่มักพบเจอในข้อสอบ ดังนั้นจึงเน้นการสอนให้ผู้เรียนได้ทบทวนประเด็นไวยากรณ์จำเป็นที่เคยเรียนแล้ว ชี้ให้เห็นจุดที่มักพลาด รวมถึงให้ทำแบบฝึกหัดรูปแบบต่างๆ เพิ่มความพร้อมสู้ทุกสนามสอบ
49EKFHB6X4X50KIIGQ3X,CU.MOOC.003.03 (2018/1),ภาษาอาหรับในชีวิตประจำวัน รุ่นที่ 2,รายวิชาภาษาอาหรับในชีวิตประจำวันจะเป็นการศึกษาเกี่ยวกับการทักทายและการแนะนำตัว ในรูปแบบต่างๆ ตามสถานการณ์ การสนทนา โดยจะแบ่งการสนทนา ออกเป็น 4 กลุ่ม จำแนกตามสิ่งที่เกี่ยวข้องได้แก่ บุคคล สิ่งของ สถานที่ ตัวเลขและเวลา ทั้งนี้จะประกอบด้วยบทสนทนา ถาม-ตอบ การบรรยายลักษณะ การใช้กริยาคำสั่งและการขอร้อง การแสดงความเห็นและความรู้สึก เพื่อนำมาใช้ในชีวิตประจำวัน
M0IRJ9VS85X7U96SFTP3,CU.MOOC.008.CommArt (2018/1),การสร้าง Infographics What & How? (CommArt),รายวิชาการสร้าง Infographics : What & How? จะเป็นการศึกษาเกี่ยวกับการสร้าง Infographic รูปแบบต่างๆผ่านโปรแกรม Microsoft Office : Powerpoint ได้แก่ การสร้างแผนภูมิแท่ง แผนภูมิโดนัท แผนภูมิรูปภาพ Infographic ภาพจริง รวมถึงการจัดองค์ประกอบภาพนิ่ง การเลือกฟอนท์ การคิดคำพาดหัว การทำภาพเคลื่อนไหว และการบันทึกไฟล์
R0TFDH0YSS8Z1TH0LTGU,CU.MOOC.009.CommArt (2018/1),ทำอย่างไรให้สินค้า go inter ขายได้ขายดีและดังข้ามโลก (CommArt),รายวิชา ทำอย่างไรให้สินค้า go inter... ขายได้ขายดี และดังข้ามโลก จะเป็นการศึกษาเกี่ยวกับหัวใจของการสื่อสารการตลาดระหว่างประเทศ โดยจะนำเสนอแนวคิดต่างๆ และเทคนิคสั้นๆ ง่ายๆ ที่จะทำให้ธุรกิจการค้าสามารถส่งออกสินค้าไปขายทั่วโลก และจะเป็นการค้าที่ยั่งยืนต่อไป
US8Y4GR27ZCLXG1GAB1Z,CU.MOOC.001.CommArt (2018/1),การตลาดในศตวรรษที่ 21 (CommArt),รายวิชาการตลาดในศตวรรษที่ 21 จะเป็นการศึกษาเกี่ยวกับนิยามของการตลาด แนวคิดหลักเกี่ยวกับการตลาดตั้งแต่อดีตจนถึงปัจจุบัน และการตลาดแบบองค์รวม (Holistic Marketing) ซึ่งเป็นสิ่งที่สำคัญสำหรับการตลาดในศตวรรษที่ 21
HTN6K9QD73SGRMN08JHV,CU.MOOC.014.CommArt (2018/1),Introduction to data analytics and Big Data (CommArt),รายวิชา Intro to Data Analytics and Big Data จะเป็นการศึกษาเกี่ยวกับศาสตร์แห่งการวิเคราะห์ข้อมูล โดยแบ่งเนื้อหาออกเป็น 2 ส่วน คือ Data Analytics หรือที่นิยมเรียนกันว่า DATA SCIENCE และ Big Data โดยจะเรียนรู้วิธีการวิเคราะห์ข้อมูลได้อย่างไร รวมถึงเทคนิคที่สามารถนำข้อมูลมาใช้งานได้ แม้กระทั่งขั้นตอนวิธีการทำงานหรือเรียนรู้เกี่ยวกับเครื่องมือที่ใช้ในการทำงาน ทั้งนี้ผู้สอนได้รวบรวมกรณีศึกษามานำเสนอให้ผู้เรียนได้เรียนรู้ไม่ว่าจะเป็นข้อมูลด้านการศึกษา ข้อมูล Social Online รวมไปถึงข้อมูลในรูปแบบแผนที่ และสุดท้ายจะแนะนำการทำ workshop ด้วยโปรแกรม rapidminer
NQ7EIITSJJKLR6J8B1A6,CU.MOOC.010.CommArt (2018/1),IT Security (CommArt),รายวิชา IT Security จะเป็นการศึกษาเกี่ยวกับความหมายของคำว่า Security ข้อแตกต่างระหว่าง Security และPrivacy ความสำคัญของการตั้งรหัสผ่าน แล้วรหัสผ่านที่ดีควรเป็นอย่างไร รวมไปถึงเรื่องของการใช้ Social Network ที่ถูกต้อง Social Engineering การใช้ WiFi ฟรีปลอดภัยจริงหรือ และสุดท้ายมารู้จักกับ Malware Viruses และ Worms
4FGWS62JAC841KUL6OU5,CU.MOOC.024 (2018/1),มหากาพย์ อังกฤษ อัพเกรด: โค้งสุดท้ายไวยากรณ์ และการออกเสียงภาษาอังกฤษ,"รายวิชา มหากาพย์ อังกฤษ อัพเกรด : โค้งสุดท้ายไวยากรณ์และการออกเสียงภาษาอังกฤษ จะเป็นการสรุปประเด็นไวยากรณ์ที่พบบ่อยในข้อสอบ ติวเข้มสำหรับผู้ที่มีเวลาจำกัด ทบทวนประเด็นเพิ่มความมั่นใจก่อนเข้าสนามสอบ และสอนเกี่ยวกับ problem sounds, word stress และ linking sounds รวมถึงการออกเสียงเบื้องต้น"
FW6GP1Z0HFS7NKLPRODK,CU.MOOC.025 (2018/1),มหากาพย์ อังกฤษ อัพเกรด: ศัพท์ทะลุ อ่านทะลวง,รายวิชา มหากาพย์ อังกฤษ อัพเกรด : ศัพท์ทะลุ อ่านทะลวง จะสอนเกี่ยวกับรากศัพท์และ Prefixes ที่พบบ่อย รวมถึงเทคนิคการเดาความหมายคำศัพท์จากบริบท เทคนิคการอ่าน และคำถามที่พบบ่อยในข้อสอบ Reading Comprehension
H1VF4W3F9NZWLNVU0AHX,CU.MOOC.027 (2018/1),มหากาพย์ อังกฤษ อัพเกรด: Conversation มั่นใจ,"รายวิชา มหากาพย์ อังกฤษ อัพเกรด : Conversation มั่นใจ จะสอนเทคนิควิธีทำข้อสอบแนว Conversation หรือ Part ที่เรียกว่า Speaking โดยนำเสนอ Expressions, Idioms หรือ Proverbs ที่พบเห็นบ่อยในชีวิตจริง และในข้อสอบ นอกจากนี้สามารถนำไปใช้เตรียมตัวสอบได้อย่างมั่นใจ รวมถึงสามารถใช้สื่อสารในชีวิตประจำวัน"
QX9XWN33N45ATFIDLU7R,2206103 (2018/1),เคล็ดวิชาค้นคว้ากระบวนท่านำเสนอผลงาน,รายวิชา เคล็ดวิชาค้นคว้ากระบวนท่านำเสนอผลงาน จะเป็นการเรียนเกี่ยวกับทักษะการค้นคว้า รู้จักวิธีการค้นคว้าวิจัย การเข้าถึงแห่งสารสนเทศวิชาการได้ สามารถประเมินสารสนเทศ และเรียบเรียงผลงานทางวิชาการโดยสอดคล้องกับจริยธรรมและจรรยาบรรณผู้วิจัย และการอ้างอิงได้อย่างถูกต้อง
LJ7CWPS4107HO2OYEVJH,Achieve.GSB0101 (2018/1),Competing in a Data-Driven World: Understand and Know-How (ออมสิน),การเปลี่ยน โลกที่เต็มไปด้วยข้อมูล ให้เป็น โลกที่ขับเคลื่อนด้วยข้อมูล เป็นแนวคิดที่ทุกองค์กรให้ความสำคัญสูงสุดในปัจจุบัน เนื่องจากจะส่งผลให้องค์กรเป็นผู้ชนะหรือผู้แพ้ในโลกที่มีการแข่งขันกันอย่างรุนแรง แต่คำถามที่ยังหาคำตอบอยู่ก็คือ แล้วองค์กรควรจะต้องดำเนินการอย่างไรบ้าง ซึ่งรายวิชานี้จะให้มุมมองแบบองค์รวม นำเสนอแนวปฏิบัติที่เป็นเลิศ (Best Practices) รวมถึงกรณีศึกษาต่างๆ เพื่อให้ผู้เรียน เข้าใจและรู้วิธี ที่จะนำไปปฏิบัติงานจริงได้ในการเปลี่ยนรูปองค์กร (Digital Transformation) ของตนให้เป็นองค์กรที่เป็นผู้ชนะในโลกที่ขับเคลื่อนด้วยข้อมูล
G7KGARZ9Y4FSPYI8AYHA,Achieve.GSB0102 (2018/1),Data Analytics & Big Data (ออมสิน),รายวิชา Intro to Data Analytics and Big Data จะเป็นการศึกษาเกี่ยวกับศาสตร์แห่งการวิเคราะห์ข้อมูล โดยแบ่งเนื้อหาออกเป็น 2 ส่วน คือ Data Analytics และ Big Data โดยจะเรียนรู้วิธีการวิเคราะห์ข้อมูลได้อย่างไร รวมถึงเทคนิคที่สามารถนำข้อมูลมาใช้งาน ทั้งนี้ผู้สอนได้รวบรวมกรณีศึกษามานำเสนอให้ผู้เรียนได้เรียนรู้ไม่ว่าจะเป็นข้อมูลด้านการศึกษา Social Network รวมไปถึง Geospatial data
PR4N8GTOGF0HEZ1KY0CB,Achieve.GSB0103 (2018/1),Practical Data Analytics Using RapidMiner (ออมสิน),การศึกษาและวิเคราะห์ข้อมูลด้วย Machine Learning โดยใช้โปรแกรม RapidMiner เพื่อให้เข้าใจถึงความสัมพันธ์ของข้อมูล พฤติกรรมต่าง ๆ ของลูกค้า และใช้ในการทำนายข้อมูล ซึ่งจะช่วยสนับสนุนการวางแผนและตัดสินใจทางธุรกิจได้
1ZIQTAU4ZA5AR8SAHCII,Achieve.GSB0104 (2018/1),Python for Data Science (ออมสิน),ศึกษาการใช้ภาษา Pythonในระดับเริ่มต้น โดยเริ่มจากการเรียน Syntax ไปจนถึงการนำมาใช้ในการดึงข้อมูลจาก Social Network  และเตรียมข้อมูลเพื่อให้สามารถวิเคราะห์ความสัมพันธ์ และนำเสนอข้อมูลในรูปแบบต่าง ๆ ได้Objectiveเพื่อให้ผู้เรียนพัฒนาทักษะและสามารถเข้าใจภาษาโปรแกรม Python เพื่อนำมาใช้ประโยชน์กับการวิเคราะห์ข้อมูล และเพิ่มศักยภาพของผู้เรียนในการใช้วิทยาศาสตร์ข้อมูลและการวิเคราะห์ข้อมูลให้มีประสิทธิภาพมากขึ้น
SS4B1D09S76TNNBF739P,Achieve.GSB0105 (2018/1),Data Science Pathway Test (ออมสิน),
SNF5FFS045YAV05CVAUR,CU.MOOC.014.03 (2018/1),Introduction to Data Analytics and Big Data รุ่นที่ 3,รายวิชา Intro to Data Analytics and Big Data จะเป็นการศึกษาเกี่ยวกับศาสตร์แห่งการวิเคราะห์ข้อมูล โดยแบ่งเนื้อหาออกเป็น 2 ส่วน คือ Data Analytics หรือที่นิยมเรียนกันว่า DATA SCIENCE และ Big Data โดยจะเรียนรู้วิธีการวิเคราะห์ข้อมูลได้อย่างไร รวมถึงเทคนิคที่สามารถนำข้อมูลมาใช้งานได้ แม้กระทั่งขั้นตอนวิธีการทำงานหรือเรียนรู้เกี่ยวกับเครื่องมือที่ใช้ในการทำงาน ทั้งนี้ผู้สอนได้รวบรวมกรณีศึกษามานำเสนอให้ผู้เรียนได้เรียนรู้ไม่ว่าจะเป็นข้อมูลด้านการศึกษา ข้อมูล Social Online รวมไปถึงข้อมูลในรูปแบบแผนที่ และสุดท้ายจะแนะนำการทำ workshop ด้วยโปรแกรม rapidminer
7ZWXF4BD6PBEAUM94RDC,CU.MOOC.008.03 (2018/1),การสร้าง Infographics What & How? รุ่นที่ 3,รายวิชาการสร้าง Infographics : What & How? จะเป็นการศึกษาเกี่ยวกับการสร้าง Infographic รูปแบบต่างๆผ่านโปรแกรม Microsoft Office : Powerpoint ได้แก่ การสร้างแผนภูมิแท่ง แผนภูมิโดนัท แผนภูมิรูปภาพ Infographic ภาพจริง รวมถึงการจัดองค์ประกอบภาพนิ่ง การเลือกฟอนท์ การคิดคำพาดหัว การทำภาพเคลื่อนไหว และการบันทึกไฟล์
AJMXHLS4EAHHIEIBRUD2,CU.MOOC.001.03 (2018/1),การตลาดในศตวรรษที่ 21 รุ่นที่ 3,รายวิชาการตลาดในศตวรรษที่ 21 จะเป็นการศึกษาเกี่ยวกับนิยามของการตลาด แนวคิดหลักเกี่ยวกับการตลาดตั้งแต่อดีตจนถึงปัจจุบัน และการตลาดแบบองค์รวม (Holistic Marketing) ซึ่งเป็นสิ่งที่สำคัญสำหรับการตลาดในศตวรรษที่ 21
324D932IBH0ECPJJ47EZ,DPU.001.01 (2018/1),"Unicorn journey: Startup Your Own Business, Module 1",แนวคิดในการสร้างธุรกิจดิจิทัล โดยสร้างสรรค์นวัตกรรมที่มีคุณค่า แนวคิดทางธุรกิจและโมเดลทางธุรกิจที่ตอบสนองการแก้ไขปัญหาให้กับลูกค้ากลุ่มเป้าหมาย สื่อสารและสร้างความสัมพันธ์กับลูกค้าเป้าหมายอย่างสร้างสรรค์ การบริหารจัดการโลจิสติกส์ กฎหมายธุรกิจและทรัพย์สินทางปัญญา ภาษีธุรกิจ การหาแหล่งเงินทุนและบริหารความมั่นคงรวมทั้งการบัญชีเพื่อสร้างและบริหารธุรกิจดิจิทัล
BXE3RAFQUSRQYM4PDU9V,TRC.ELearning (2018/1),การควบคุมยาสูบพื้นฐาน (รอบที่ 1),
4UX4Z642DNIJ1Z37112T,CU.MOOC.026 (2018/1),การสร้างชิ้นงานจากโปรแกรมสร้างภาพสามมิติ,รายวิชา การสร้างชิ้นงานจากโปรแกรมสร้างภาพสามมิติ จะสอนเนื้อหาเกี่ยวกับการออกแบบ การสร้างชิ้นงานต่างๆ เช่น สื่อการสอน ชิ้นส่วนทางวิศวกรรม เป็นต้น รวมถึงเรียนรู้เกี่ยวกับเทคโนโลยีเครื่องพิมพ์สามมิติ
AVPWBZUG9B5RZUVH16AX,CU.MOOC.015.02 (2018/1),เคล็ดวิชาค้นคว้ากระบวนท่านำเสนอผลงาน รุ่นที่ 2,เคล็ดวิชาค้นคว้า กระบวนท่านำเสนอผลงาน จะเป็นการเรียนเกี่ยวกับทักษะการค้นคว้า รู้จักวิธีการค้นคว้าวิจัย การเข้าถึงแห่งสารสนเทศวิชาการได้ สามารถประเมินสารสนเทศ และเรียบเรียงผลงานทางวิชาการโดยสอดคล้องกับจริยธรรมและจรรยาบรรณผู้วิจัย และการอ้างอิงได้อย่างถูกต้อง
FC6VM7RQT38Z0ZI9M6W9,CU.MOOC.002.03 (2018/1),การทำความเข้าใจงบการเงิน รุ่นที่ 3,รายวิชาการทำความเข้าใจงบการเงิน จะเป็นการศึกษาเกี่ยวกับองค์ประกอบของงบการเงิน ได้แก่ งบแสดงฐานะการเงิน งบกำไรขาดทุนเบ็ดเสร็จ งบกระแสเงินสด และงบแสดงการเปลี่ยนแปลงในส่วนของเจ้าของ ประโยชน์ของแต่ละงบการเงิน ความสัมพันธ์ของงบกำไรขาดทุนเบ็ดเสร็จ งบแสดงฐานะการเงิน และงบกระแสเงินสด
OXCDUU43OV3NQ0SF46SJ,Achieve.CAT0101 (2018/1),Competing in a Data-Driven World: Understand and Know-How (CAT),การเปลี่ยน โลกที่เต็มไปด้วยข้อมูล ให้เป็น โลกที่ขับเคลื่อนด้วยข้อมูล เป็นแนวคิดที่ทุกองค์กรให้ความสำคัญสูงสุดในปัจจุบัน เนื่องจากจะส่งผลให้องค์กรเป็นผู้ชนะหรือผู้แพ้ในโลกที่มีการแข่งขันกันอย่างรุนแรง แต่คำถามที่ยังหาคำตอบอยู่ก็คือ แล้วองค์กรควรจะต้องดำเนินการอย่างไรบ้าง ซึ่งรายวิชานี้จะให้มุมมองแบบองค์รวม นำเสนอแนวปฏิบัติที่เป็นเลิศ (Best Practices) รวมถึงกรณีศึกษาต่างๆ เพื่อให้ผู้เรียน เข้าใจและรู้วิธี ที่จะนำไปปฏิบัติงานจริงได้ในการเปลี่ยนรูปองค์กร (Digital Transformation) ของตนให้เป็นองค์กรที่เป็นผู้ชนะในโลกที่ขับเคลื่อนด้วยข้อมูล
AB91Y8F1Q7P4SJNRXKET,Achieve.CAT0102 (2018/1),Data Analytics and Big Data (CAT),รายวิชา Intro to Data Analytics and Big Data จะเป็นการศึกษาเกี่ยวกับศาสตร์แห่งการวิเคราะห์ข้อมูล โดยแบ่งเนื้อหาออกเป็น 2 ส่วน คือ Data Analytics และ Big Data โดยจะเรียนรู้วิธีการวิเคราะห์ข้อมูลได้อย่างไร รวมถึงเทคนิคที่สามารถนำข้อมูลมาใช้งาน ทั้งนี้ผู้สอนได้รวบรวมกรณีศึกษามานำเสนอให้ผู้เรียนได้เรียนรู้ไม่ว่าจะเป็นข้อมูลด้านการศึกษา Social Network รวมไปถึง Geospatial data
USNGBHEQTCBWPEQXPWAC,Achieve.CAT0103 (2018/1),Practical Data Analytics Using RapidMiner (CAT),การศึกษาและวิเคราะห์ข้อมูลด้วย Machine Learning โดยใช้โปรแกรม RapidMiner เพื่อให้เข้าใจถึงความสัมพันธ์ของข้อมูล พฤติกรรมต่าง ๆ ของลูกค้า และใช้ในการทำนายข้อมูล ซึ่งจะช่วยสนับสนุนการวางแผนและตัดสินใจทางธุรกิจได้
V0V5LULMQBG0RP26DYJK,Achieve.CAT0104 (2018/1),Python for Data Science (CAT),"ศึกษาการใช้ภาษา Pythonในระดับเริ่มต้น โดยเริ่มจากการเรียน Syntax ไปจนถึงการนำมาใช้ในการดึงข้อมูลจาก Social Network  และเตรียมข้อมูลเพื่อให้สามารถวิเคราะห์ความสัมพันธ์ และนำเสนอข้อมูลในรูปแบบต่าง ๆ ได้
Objective
เพื่อให้ผู้เรียนพัฒนาทักษะและสามารถเข้าใจภาษาโปรแกรม Python เพื่อนำมาใช้ประโยชน์กับการวิเคราะห์ข้อมูล และเพิ่มศักยภาพของผู้เรียนในการใช้วิทยาศาสตร์ข้อมูลและการวิเคราะห์ข้อมูลให้มีประสิทธิภาพมากขึ้น
"
V20U1CS15LTSHKJYCEO1,Achieve.CAT0105 (2018/1),Data Science Pathway Test (CAT),
Q1N9CYCJIQVAPNGPX8XQ,Achieve.KBANK0101 (2018/1),Competing in a Data-Driven World: Understand and Know-How (KBank),การเปลี่ยน โลกที่เต็มไปด้วยข้อมูล ให้เป็น โลกที่ขับเคลื่อนด้วยข้อมูล เป็นแนวคิดที่ทุกองค์กรให้ความสำคัญสูงสุดในปัจจุบัน เนื่องจากจะส่งผลให้องค์กรเป็นผู้ชนะหรือผู้แพ้ในโลกที่มีการแข่งขันกันอย่างรุนแรง แต่คำถามที่ยังหาคำตอบอยู่ก็คือ แล้วองค์กรควรจะต้องดำเนินการอย่างไรบ้าง ซึ่งรายวิชานี้จะให้มุมมองแบบองค์รวม นำเสนอแนวปฏิบัติที่เป็นเลิศ (Best Practices) รวมถึงกรณีศึกษาต่างๆ เพื่อให้ผู้เรียน เข้าใจและรู้วิธี ที่จะนำไปปฏิบัติงานจริงได้ในการเปลี่ยนรูปองค์กร (Digital Transformation) ของตนให้เป็นองค์กรที่เป็นผู้ชนะในโลกที่ขับเคลื่อนด้วยข้อมูล
0QLCZ8HJ5VN6GP87G49U,Achieve.KBANK0102 (2018/1),Data Analytics and Big Data (KBank),รายวิชา Intro to Data Analytics and Big Data จะเป็นการศึกษาเกี่ยวกับศาสตร์แห่งการวิเคราะห์ข้อมูล โดยแบ่งเนื้อหาออกเป็น 2 ส่วน คือ Data Analytics และ Big Data โดยจะเรียนรู้วิธีการวิเคราะห์ข้อมูลได้อย่างไร รวมถึงเทคนิคที่สามารถนำข้อมูลมาใช้งาน ทั้งนี้ผู้สอนได้รวบรวมกรณีศึกษามานำเสนอให้ผู้เรียนได้เรียนรู้ไม่ว่าจะเป็นข้อมูลด้านการศึกษา Social Network รวมไปถึง Geospatial data
NPA4QROMFUX1CEUSQIWS,Achieve.KBANK0103 (2018/1),Practical Data Analytics Using RapidMiner (KBank),การศึกษาและวิเคราะห์ข้อมูลด้วย Machine Learning โดยใช้โปรแกรม RapidMiner เพื่อให้เข้าใจถึงความสัมพันธ์ของข้อมูล พฤติกรรมต่าง ๆ ของลูกค้า และใช้ในการทำนายข้อมูล ซึ่งจะช่วยสนับสนุนการวางแผนและตัดสินใจทางธุรกิจได้
D0DOWWTCSRVF87DBFLDV,Achieve.KBANK0104 (2018/1),Python for Data Science (KBank),"ศึกษาการใช้ภาษา Pythonในระดับเริ่มต้น โดยเริ่มจากการเรียน Syntax ไปจนถึงการนำมาใช้ในการดึงข้อมูลจาก Social Network  และเตรียมข้อมูลเพื่อให้สามารถวิเคราะห์ความสัมพันธ์ และนำเสนอข้อมูลในรูปแบบต่าง ๆ ได้
Objective
เพื่อให้ผู้เรียนพัฒนาทักษะและสามารถเข้าใจภาษาโปรแกรม Python เพื่อนำมาใช้ประโยชน์กับการวิเคราะห์ข้อมูล และเพิ่มศักยภาพของผู้เรียนในการใช้วิทยาศาสตร์ข้อมูลและการวิเคราะห์ข้อมูลให้มีประสิทธิภาพมากขึ้น
"
ZINTYNZ239YJOJGAA6BC,Achieve.KBANK0105 (2018/1),Data Science Pathway Test (KBank),
8V72B2BERVWI838H7EDO,CVtest0001 (2018/1),Competing in a Data-Driven World: Understand and Know-How (test),การเปลี่ยน โลกที่เต็มไปด้วยข้อมูล ให้เป็น โลกที่ขับเคลื่อนด้วยข้อมูล เป็นแนวคิดที่ทุกองค์กรให้ความสำคัญสูงสุดในปัจจุบัน เนื่องจากจะส่งผลให้องค์กรเป็นผู้ชนะหรือผู้แพ้ในโลกที่มีการแข่งขันกันอย่างรุนแรง แต่คำถามที่ยังหาคำตอบอยู่ก็คือ แล้วองค์กรควรจะต้องดำเนินการอย่างไรบ้าง ซึ่งรายวิชานี้จะให้มุมมองแบบองค์รวม นำเสนอแนวปฏิบัติที่เป็นเลิศ (Best Practices) รวมถึงกรณีศึกษาต่างๆ เพื่อให้ผู้เรียน เข้าใจและรู้วิธี ที่จะนำไปปฏิบัติงานจริงได้ในการเปลี่ยนรูปองค์กร (Digital Transformation) ของตนให้เป็นองค์กรที่เป็นผู้ชนะในโลกที่ขับเคลื่อนด้วยข้อมูล
DAWYWT4H946I108AONKX,DPU.001.01.02 (2018/1),"Unicorn journey: Startup Your Own Business, Module 1 Re-run",แนวคิดในการสร้างธุรกิจดิจิทัล โดยสร้างสรรค์นวัตกรรมที่มีคุณค่า แนวคิดทางธุรกิจและโมเดลทางธุรกิจที่ตอบสนองการแก้ไขปัญหาให้กับลูกค้ากลุ่มเป้าหมาย สื่อสารและสร้างความสัมพันธ์กับลูกค้าเป้าหมายอย่างสร้างสรรค์ การบริหารจัดการโลจิสติกส์ กฎหมายธุรกิจและทรัพย์สินทางปัญญา ภาษีธุรกิจ การหาแหล่งเงินทุนและบริหารความมั่นคงรวมทั้งการบัญชีเพื่อสร้างและบริหารธุรกิจดิจิทัล
58PVKVFVINRFOK7CNA53,DPU.001.02 (2018/1),"Unicorn journey: Startup Your Own Business, Module 2",แนวคิดในการสร้างธุรกิจดิจิทัล โดยสร้างสรรค์นวัตกรรมที่มีคุณค่า แนวคิดทางธุรกิจและโมเดลทางธุรกิจที่ตอบสนองการแก้ไขปัญหาให้กับลูกค้ากลุ่มเป้าหมาย สื่อสารและสร้างความสัมพันธ์กับลูกค้าเป้าหมายอย่างสร้างสรรค์ การบริหารจัดการโลจิสติกส์ กฎหมายธุรกิจและทรัพย์สินทางปัญญา ภาษีธุรกิจ การหาแหล่งเงินทุนและบริหารความมั่นคงรวมทั้งการบัญชีเพื่อสร้างและบริหารธุรกิจดิจิทัล
RGXI6CNPQH13VA73F755,Achieve.PUBLIC0101 (2018/1),Competing in a Data-Driven World: Understand and Know-How,การเปลี่ยน โลกที่เต็มไปด้วยข้อมูล ให้เป็น โลกที่ขับเคลื่อนด้วยข้อมูล เป็นแนวคิดที่ทุกองค์กรให้ความสำคัญสูงสุดในปัจจุบัน เนื่องจากจะส่งผลให้องค์กรเป็นผู้ชนะหรือผู้แพ้ในโลกที่มีการแข่งขันกันอย่างรุนแรง แต่คำถามที่ยังหาคำตอบอยู่ก็คือ แล้วองค์กรควรจะต้องดำเนินการอย่างไรบ้าง ซึ่งรายวิชานี้จะให้มุมมองแบบองค์รวม นำเสนอแนวปฏิบัติที่เป็นเลิศ (Best Practices) รวมถึงกรณีศึกษาต่างๆ เพื่อให้ผู้เรียน เข้าใจและรู้วิธี ที่จะนำไปปฏิบัติงานจริงได้ในการเปลี่ยนรูปองค์กร (Digital Transformation) ของตนให้เป็นองค์กรที่เป็นผู้ชนะในโลกที่ขับเคลื่อนด้วยข้อมูล
GGJQFI40Q64PPLBWACZX,Achieve.PUBLIC0102 (2018/1),Data Analytics and Big Data,รายวิชา Intro to Data Analytics and Big Data จะเป็นการศึกษาเกี่ยวกับศาสตร์แห่งการวิเคราะห์ข้อมูล โดยแบ่งเนื้อหาออกเป็น 2 ส่วน คือ Data Analytics และ Big Data โดยจะเรียนรู้วิธีการวิเคราะห์ข้อมูลได้อย่างไร รวมถึงเทคนิคที่สามารถนำข้อมูลมาใช้งาน ทั้งนี้ผู้สอนได้รวบรวมกรณีศึกษามานำเสนอให้ผู้เรียนได้เรียนรู้ไม่ว่าจะเป็นข้อมูลด้านการศึกษา Social Network รวมไปถึง Geospatial data
TMJ6J25ZX3S0LMCA7FMN,Achieve.PUBLIC0103 (2018/1),Practical Data Analytics Using RapidMiner,การศึกษาและวิเคราะห์ข้อมูลด้วย Machine Learning โดยใช้โปรแกรม RapidMiner เพื่อให้เข้าใจถึงความสัมพันธ์ของข้อมูล พฤติกรรมต่าง ๆ ของลูกค้า และใช้ในการทำนายข้อมูล ซึ่งจะช่วยสนับสนุนการวางแผนและตัดสินใจทางธุรกิจได้
L0EQNV5NHK0WQMOPG3IE,Achieve.PUBLIC0104 (2018/1),Python for Data Science,"ศึกษาการใช้ภาษา Pythonในระดับเริ่มต้น โดยเริ่มจากการเรียน Syntax ไปจนถึงการนำมาใช้ในการดึงข้อมูลจาก Social Network  และเตรียมข้อมูลเพื่อให้สามารถวิเคราะห์ความสัมพันธ์ และนำเสนอข้อมูลในรูปแบบต่าง ๆ ได้
Objective
เพื่อให้ผู้เรียนพัฒนาทักษะและสามารถเข้าใจภาษาโปรแกรม Python เพื่อนำมาใช้ประโยชน์กับการวิเคราะห์ข้อมูล และเพิ่มศักยภาพของผู้เรียนในการใช้วิทยาศาสตร์ข้อมูลและการวิเคราะห์ข้อมูลให้มีประสิทธิภาพมากขึ้น
"
WTH7KOL2WP4CN8XF74OW,Achieve.PUBLIC0105 (2018/1),Data Science Pathway Test,
IXSS3Q6CVAT4VFR3AP8E,Achieve.BAY0101 (2018/1),Competing in a Data-Driven World: Understand and Know-How (BAY GROUP),การเปลี่ยน โลกที่เต็มไปด้วยข้อมูล ให้เป็น โลกที่ขับเคลื่อนด้วยข้อมูล เป็นแนวคิดที่ทุกองค์กรให้ความสำคัญสูงสุดในปัจจุบัน เนื่องจากจะส่งผลให้องค์กรเป็นผู้ชนะหรือผู้แพ้ในโลกที่มีการแข่งขันกันอย่างรุนแรง แต่คำถามที่ยังหาคำตอบอยู่ก็คือ แล้วองค์กรควรจะต้องดำเนินการอย่างไรบ้าง ซึ่งรายวิชานี้จะให้มุมมองแบบองค์รวม นำเสนอแนวปฏิบัติที่เป็นเลิศ (Best Practices) รวมถึงกรณีศึกษาต่างๆ เพื่อให้ผู้เรียน เข้าใจและรู้วิธี ที่จะนำไปปฏิบัติงานจริงได้ในการเปลี่ยนรูปองค์กร (Digital Transformation) ของตนให้เป็นองค์กรที่เป็นผู้ชนะในโลกที่ขับเคลื่อนด้วยข้อมูล
KWYT58K76XDE8WMMR9UH,Achieve.BAY0102 (2018/1),Data Analytics and Big Data (BAY GROUP),รายวิชา Intro to Data Analytics and Big Data จะเป็นการศึกษาเกี่ยวกับศาสตร์แห่งการวิเคราะห์ข้อมูล โดยแบ่งเนื้อหาออกเป็น 2 ส่วน คือ Data Analytics และ Big Data โดยจะเรียนรู้วิธีการวิเคราะห์ข้อมูลได้อย่างไร รวมถึงเทคนิคที่สามารถนำข้อมูลมาใช้งาน ทั้งนี้ผู้สอนได้รวบรวมกรณีศึกษามานำเสนอให้ผู้เรียนได้เรียนรู้ไม่ว่าจะเป็นข้อมูลด้านการศึกษา Social Network รวมไปถึง Geospatial data
RMSQPMY1QIGRGMG2PL0A,Achieve.BAY0103 (2018/1),Practical Data Analytics Using RapidMiner (BAY GROUP),การศึกษาและวิเคราะห์ข้อมูลด้วย Machine Learning โดยใช้โปรแกรม RapidMiner เพื่อให้เข้าใจถึงความสัมพันธ์ของข้อมูล พฤติกรรมต่าง ๆ ของลูกค้า และใช้ในการทำนายข้อมูล ซึ่งจะช่วยสนับสนุนการวางแผนและตัดสินใจทางธุรกิจได้
AQJ3YL1ROK5B4QZVL0GQ,Achieve.BAY0104 (2018/1),Python for Data Science (BAY GROUP),"ศึกษาการใช้ภาษา Pythonในระดับเริ่มต้น โดยเริ่มจากการเรียน Syntax ไปจนถึงการนำมาใช้ในการดึงข้อมูลจาก Social Network  และเตรียมข้อมูลเพื่อให้สามารถวิเคราะห์ความสัมพันธ์ และนำเสนอข้อมูลในรูปแบบต่าง ๆ ได้
Objective
เพื่อให้ผู้เรียนพัฒนาทักษะและสามารถเข้าใจภาษาโปรแกรม Python เพื่อนำมาใช้ประโยชน์กับการวิเคราะห์ข้อมูล และเพิ่มศักยภาพของผู้เรียนในการใช้วิทยาศาสตร์ข้อมูลและการวิเคราะห์ข้อมูลให้มีประสิทธิภาพมากขึ้น
"
IJ3E14KL0OJEZ0BHC6PY,Achieve.BAY0105 (2018/1),Data Science Pathway Test (BAY GROUP),
ONT8TSEMTHR8EVFQF6M7,TRC001.Advanced (2018/1),การควบคุมยาสูบรุ่นที่ 6,
9PE6IVRI6M26W9XBOHI2,CU.MOOC.028 (2018/1),HRM From Theories to Practices,รายวิชา HRM From Theories to Practices จะเป็นการศึกษาแนวคิดการบริหารทรัพยากรบุคคลสมัยใหม่ รวมถึงได้เรียนรู้และเข้าใจบทบาทการบริหารทรัพยากรบุคคลที่ถูกต้อง ตลอดจนสามารถนำความรู้  เครื่องมือ  และวิธีการต่างๆ ไปประยุกต์ใช้ในการบริหารงานในหน่วยงาน/องค์กรให้เกิดประโยชน์สูงสุด
MJD5M2PJVXMJX9ZPZTE4,CU.MOOC.029 (2018/1),กฎหมายกับธุรกิจ Law for Business: กฎหมายพื้นฐาน​สำหรับธุรกิจ,ความรู้ทางด้านกฎหมายถือว่าเป็นสิ่งจำเป็นในยุคปัจจุบัน  เนื่องด้วยปัจจุบันประชาชนส่วนใหญ่มีความสนใจที่จะมีธุรกิจเป็นของตัวเองมากกว่าการเป็นลูกจ้าง หรือเป็นทั้งลูกจ้างมนุษย์เงินเดือนไปพร้อมกับการทำธุรกิจเล็กๆ ที่หลากหลายไม่ว่าจะเป็นการขายสินค้าออนไลน์ผ่านช่องทางต่างๆ บน Social Network  การทำธุรกิจแบบสตาร์ทอัพ (Startup)  หรือว่าการทำธุรกิจแบบ SMEs ล้วนแล้วแต่เป็นอาชีพที่กำลังเป็นที่นิยมอย่างแพร่หลายอยู่ ณ ตอนนี้  ดังนั้นกฎหมายเกี่ยวกับธุรกิจมีความสำคัญและเป็นสิ่งจำเป็นที่นิสิตและประชาชนทั่วไปควรรู้  เพื่อจะได้นำไปใช้ในการประกอบอาชีพ และนำไปปรับใช้ในชีวิตประจำวันต่อไป
YCMJNTZICOPPBMG39YCB,CU.MOOC.030 (2018/1),กฎหมายกับธุรกิจ Law for Business: กฎหมายกับธุรกิจยุค Thailand 4.0 และภาษีกับธุรกิจ,ความรู้ทางด้านกฎหมายถือว่าเป็นสิ่งจำเป็นในยุคปัจจุบัน  เนื่องด้วยปัจจุบันประชาชนส่วนใหญ่มีความสนใจที่จะมีธุรกิจเป็นของตัวเองมากกว่าการเป็นลูกจ้าง หรือเป็นทั้งลูกจ้างมนุษย์เงินเดือนไปพร้อมกับการทำธุรกิจเล็กๆ ที่หลากหลายไม่ว่าจะเป็นการขายสินค้าออนไลน์ผ่านช่องทางต่างๆ บน Social Network  การทำธุรกิจแบบสตาร์ทอัพ (Startup)  หรือว่าการทำธุรกิจแบบ SMEs ล้วนแล้วแต่เป็นอาชีพที่กำลังเป็นที่นิยมอย่างแพร่หลายอยู่ ณ ตอนนี้  ดังนั้นกฎหมายเกี่ยวกับธุรกิจมีความสำคัญและเป็นสิ่งจำเป็นที่นิสิตและประชาชนทั่วไปควรรู้  เพื่อจะได้นำไปใช้ในการประกอบอาชีพ และนำไปปรับใช้ในชีวิตประจำวันต่อไป
BAW87RSTT4V8F89UJQPM,2803306 (2018/1),การสร้าง Infographics,"<h3>เกี่ยวกับรายวิชา</h3>
<p>รายวิชา การสร้าง Infographics : What &amp; How? จะเป็นการศึกษาเกี่ยวกับองค์ประกอบทางทัศนศิลป์ การจัดองค์ประกอบของภาพนิ่ง และโปสเตอร์ การจัดองค์ประกอบภาพเคลื่อนไหว การสร้างแผนภูมิ ประกอบด้วย แผนภูมิแท่ง แผนภูมิโดนัท แผนภูมิรูปภาพ และแผนภูมิภาพจริง รวมถึงการบันทึกไฟล์แบบต่างๆ โดยใช้โปรแกรม Microsoft Office : PowerPoint</p><h3>วัตถุประสงค์</h3><ol><li>เพื่อให้ผู้เรียนได้ทราบแนวคิด และเทคนิค การสร้าง Infographic ด้วยโปรแกรม PowerPoint</li><li>เพื่อให้ผู้เรียนสามารถฝึกสร้าง Infographic แบบง่ายๆ ได้ด้วยโปรแกรม PowerPoint</li><li>เพื่อให้ผู้เรียนสามารถจัดองค์ประกอบของภาพนิ่ง และภาพเคลื่อนไหวได้อย่างมีประสิทธิภาพ</li></ol>"
HH05GJBU7CKAWQTKILDY,TRC001.Basic.02 (2018/1),การควบคุมยาสูบพื้นฐาน (รอบที่ 2),
G6HQ28BSRUYJVDM8MFOR,CvTest0002 (2018/1),Competing in a Data-Driven World: Understand and Know-How (test),
O4F03VTV89VMI1ZR8RVT, (/),,????
8H5LKESDYHDYMUCX0J7F,CvTest0004 (2018/1),Competing in a Data-Driven World: Understand and Know-How (test),hfhfhfhf
W12XLYO9SIA2S2RVOL6N,PCCMS.001 (2018/1),Liver scanning protocol: Liver disease and Surveillance of HCC and CHCA,รายวิชาการอัลตราซาวด์ในตับ เป็นรายวิชาที่มุ่งเน้นให้ผู้เรียนได้เรียนการอัลตราซาวด์ตับเบื้องต้น และสามารถอธิบายลักษณะทางอัลตราซาวด์ของตับปกติ และพยาธิภาพของโรคในตับเฉพาะจุด (Focal liver lesion) รอยโรคในตับทั่วทั้งตับ (Diffuse liver lesion)   และนำไปสู่การวินิจฉัยเบื้องต้นได้ และมีความสามารถในการปรับวิธีในการตรวจมาตรฐานให้สัมพันธ์กับการตั้งคำถามทางคลินิกและอาการแสดงของผู้ป่วยที่มาตรวจ   ทั้งยังสามารถตรวงอัลตราซาวด์เพื่อคัดกรองมะเร็งตับเบื้องต้น (Hepatocellular carcinoma) และมะเร็งท่อทางเดินน้ำดีเบื้องต้น (Cholangiocarcinoma)  และสามารถให้คำจำกัดความ อุบัติการณ์ ปัจจัยเสี่ยง สาเหตุ วินิจฉัยเบื้องต้น และอธิบายลักษณะทางอัลตราซาวด์ของมะเร็งตับ (Hepatocellular carcinoma) และมะเร็งท่อทางเดินน้ำดี (Cholangiocarcinoma) ได้
ZPPJREZ9VELW435D4UBD,PCCMS.002 (2018/1),Liver scanning protocol II: Diffuse liver lesion,รายวิชารอยโรคในตับทั่วทั้งตับ (Diiffuse liver lesion) เป็นรายวิชาที่มุ่งเน้นให้ผู้ศึกษาได้รับความรู้ในการอัลตราซาวด์ตับเบื้องต้น และสามารถอธิบายลักษณะทางอัลตราซาวด์ของตับปกติ และพยาธิภาพของโรคในตับทั่วทั้งตับ (Diffuse liver lesion) แนะนำไปสู่การวินิจฉัยเบื้องต้นได้ และมีความสามารถในการปรับวิธีในการตรวจมาตรฐานให้สัมพันธ์กับการ ตั้งคำถามทางคลินิกและอาการแสดงของผู้ป่วยที่มาตรวจ
YZ7GNDPZ7XTVIJWT4SQZ,PCCMS.003 (2018/1),Liver scanning protocol III: Ultrasound surveillance of hepatocellular carcinoma,รายวิชาการอัลตราซาวด์เพื่อคัดกรองมะเร็งตับ (Hepatocellular carcinoma) เป็นรายวิชาที่มุ่งเน้นให้ผู้เรียนได้ทราบถึงคำจำกัดความของมะเร็งตับ (Hepatocellular carcinoma) อุบัติการณ์ ปัจจัยเสี่ยง สาเหตุ และการวินิจฉัยเบื้องต้น และสามารถอธิบายลักษณะทางอัลตราซาวด์ของมะเร็งตับ (Hepatocellular carcinoma) แยกจากความผิดปกติอื่นๆและตับปกติได้
D3IBELBWC4OVZWG4OYUA,PCCMS.004 (2018/1),Liver scanning protocol IV: Ultrasound surveillance of cholangiocarcinoma,รายวิชาการอัลตราซาวด์เพื่อคัดกรองมะเร็งท่อทางเดินน้้าดี (Cholangiocarcinoma) เป็นรายวิชาที่มุ่งเน้นให้ผู้เรียนได้ทราบถึงค้าจ้ากัดความของมะเร็งท่อ ทางเดินน้้าดี (Cholangiocarcinoma) อุบัติการณ์ปัจจัยเสี่ยง สาเหตุและการวินิจฉัยเบื้องต้น และสามารถอธิบายลักษณะทางอัลตราซาวด์ของมะเร็งท่อทางเดินน้้าดี (Cholangiocarcinoma) แยกจากความผิดปกติอื่น ๆ และตับปกติได้
2M5XHUAT7K6OZQUWXAXS,PCCMS.005 (2018/1),Gallbladder scanning protocol,รายวิชาการอัลตราซาวด์ในถุงน้ำดี มุ่งเน้นให้ผู้เรียนได้เรียนรู้เทคนิคการทำอัล-ตราซาวด์ในถุงน้ำดี กายวิภาคปกติ การเตรียมผู้ป่วยเพื่อตรวจ และสามารอธิบายลักษณะทางอัลตราซาวด์ปกติ และพยาธิสภาพที่พบบ่อยได้
9VAMYTQ4WVHPNJ5XAC8O,PCCMS.006 (2018/1),Pancreas scanning protocol,รายวิชาการอัลตราซาวด์ในตับอ่อน มุ่งเน้นให้ผู้เรียนได้เรียนรู้เทคนิคการทำอัลตราซาวด์ในตับอ่อน กายวิภาคปกติ การเตรียมผู้ป่วยเพื่อตรวจ และสามารอธิบายลักษณะทางอัลตราซาวด์ปกติ และพยาธิสภาพที่พบบ่อยได้
WJT59AIPVL7M0WV7C6FW,CU.MOOC.020.02 (2018/1),ดนตรีคลาสสิกปริทรรศน์ รุ่นที่ 2,รายวิชา ดนตรีคลาสสิกปริทรรศน์ (Introduction to Classical Music) จะมีเนื้อหาที่ให้ความรู้เกี่ยวกับ ความหมาย ความสำคัญ รวมไปถึง องค์ประกอบของดนตรีคลาสสิก อีกทั้งยังได้รับความรู้เกี่ยวกับ เครื่องดนตรีแต่ละประเภท การรวมวง ดนตรีคลาสสิกในแต่ละยุค รวมถึงเพลงคลาสสิกที่ได้รับความนิยม หรือแม้กระทั่งความสัมพันธ์ระหว่าง จุฬาลงกรณ์มหาวิทยาลัย กับ ดนตรีคลาสสิก ว่าเป็นอย่างไรบ้าง และสุดท้ายการฟังดนตรีคลาสสิกจะไม่ใช่เรื่องยากอีกต่อไปถ้าเรารู้จักมารยาทในการฟังดนตรีคลาสสิก
OTS26V4DL3U4LE4YHWAF,CU.MOOC.009.03 (2018/1),ทำอย่างไรให้สินค้า Go Inter ขายได้ขายดี และดังข้ามโลก รุ่นที่ 3,รายวิชา ทำอย่างไรให้สินค้า go inter... ขายได้ขายดี และดังข้ามโลก จะเป็นการศึกษาเกี่ยวกับหัวใจของการสื่อสารการตลาดระหว่างประเทศ โดยจะนำเสนอแนวคิดต่างๆ และเทคนิคสั้นๆ ง่ายๆ ที่จะทำให้ธุรกิจการค้าสามารถส่งออกสินค้าไปขายทั่วโลก และจะเป็นการค้าที่ยั่งยืนต่อไป
QHFKPN7D6QDV9226ZDHW,CU.MOOC.014.04 (2018/1),Intro to Data Analytics and Big Data รุ่นที่ 4,รายวิชา Intro to Data Analytics and Big Data จะเป็นการศึกษาเกี่ยวกับศาสตร์แห่งการวิเคราะห์ข้อมูล โดยแบ่งเนื้อหาออกเป็น 2 ส่วน คือ Data Analytics หรือที่นิยมเรียนกันว่า DATA SCIENCE และ Big Data โดยจะเรียนรู้วิธีการวิเคราะห์ข้อมูลได้อย่างไร รวมถึงเทคนิคที่สามารถนำข้อมูลมาใช้งานได้ แม้กระทั่งขั้นตอนวิธีการทำงานหรือเรียนรู้เกี่ยวกับเครื่องมือที่ใช้ในการทำงาน ทั้งนี้ผู้สอนได้รวบรวมกรณีศึกษามานำเสนอให้ผู้เรียนได้เรียนรู้ไม่ว่าจะเป็นข้อมูลด้านการศึกษา ข้อมูล Social Online รวมไปถึงข้อมูลในรูปแบบแผนที่ และสุดท้ายจะแนะนำการทำ workshop ด้วยโปรแกรม rapidminer
9301L5BFKAFLGFS5P0BH,CU.MOOC.031 (2018/1),English for Job Hunters,"วิชา English for Job Hunters มีเนื้อหาเกี่ยวกับภาษาอังกฤษที่จะเอื้อให้ผู้เรียนสามารถใช้ภาษาอังกฤษในการหางาน  เขียน resume และสัมภาษณ์งานได้อย่างมีประสิทธิภาพและมั่นใจ  โดยรายละเอียดเนื้อหาวิชาจะมุ่งเน้นทำให้ผู้เรียนคุ้นเคยกับภาษาอังกฤษที่มักพบเจอในโฆษณารับสมัครงาน เรียนรู้คำศัพท์พื้นฐานที่ใช้ในแวดวงการทำงาน การเลือกใช้คำที่จะนำมาเขียน resume รวมไปถึงสามารถเข้าใจคำถามที่มักพบในการสัมภาษณ์งานที่เป็นภาษาอังกฤษ อีกทั้งผู้เรียนจะได้รู้วิธีการพูดเกี่ยวกับตนเองเมื่อถูกสัมภาษณ์งานซึ่งถือว่าเป็นส่วนสำคัญในกระบวนการรับบุคคลเข้าทำงาน
ทักษะที่ผู้เรียนจะได้พัฒนาเมื่อเรียนรายวิชานี้ คือ ผู้เรียนจะสามารถอ่านโฆษณารับสมัครงานเป็นภาษาอังกฤษได้ สามารถใช้คำศัพท์ในแวดวงการทำงานได้อย่างถูกต้อง เลือกใช้คำเพื่อเขียน resume ได้อย่างเหมาะสม และสามารถใช้ภาษาอังกฤษสื่อสารโต้ตอบในการสัมภาษณ์งานได้อย่างมีประสิทธิภาพและมั่นใจ"
OS3YOHWIANL4SH40GJAY,PCCMS.007 (2018/1),Kidney scanning protocol,รายวิชาการอัลตราซาวด์ในไต มุ่งเน้นให้ผู้เรียนได้เรียนรู้เทคนิคการทาอัลตราซาวด์ในไต กายวิภาคปกติ การเตรียมผู้ป่วยเพื่อตรวจ และสามารอธิบายลักษณะทางอัลตราซาวด์ปกติ และพยาธิสภาพที่พบบ่อยได้
5Q8VUZ0183CTSIHYA3KM,PCCMS.008 (2018/1),Spleen scanning protocol,รายวิชาการอัลตราซาวด์ในม้าม มุ่งเน้นให้ผู้เรียนได้เรียนรู้เทคนิคการทาอัลตราซาวด์ในม้าม กายวิภาคปกติ การเตรียมผู้ป่วยเพื่อตรวจ และสามารอธิบายลักษณะทางอัลตราซาวด์ปกติ และพยาธิสภาพที่พบบ่อยได้
CO804VAMI3Q173FWDCCW,PCCMS.009 (2018/1),Abdominal great vessels scanning protocol,รายวิชาการอัลตราซาวด์เส้นเลือดแดงใหญ่และเส้นเลือดดำใหญ่ มุ่งเน้นให้ผู้เรียนได้เรียนรู้เทคนิคการทาอัลตราซาวด์เส้นเลือดแดงใหญ่และเส้นเลือดดำใหญ่ กายวิภาคปกติ การเตรียมผู้ป่วยเพื่อตรวจ และสามารถอธิบายลักษณะทางอัลตราซาวด์ปกติ และพยาธิสภาพที่พบบ่อยได้
Z7OZEUR8OOZLFTRJ3S0U,PCCMS.010 (2018/1),Bladder and female pelvis scanning protocol,รายวิชาการอัลตราซาวด์กระเพาะปัสสาวะ และอวัยวะภายในอุ้งเชิงกราน มุ่งเน้นให้ผู้เรียนได้เรียนรู้เทคนิคการทาอัลตราซาวด์ในกระเพาะปัสสาวะ และอวัยวะภายในอุ้งเชิงกราน กายวิภาคปกติ การเตรียมผู้ป่วยเพื่อตรวจ และสามารอธิบายลักษณะทางอัลตราซาวด์ปกติ และพยาธิสภาพที่พบบ่อยได้
C3C08QNNXXDFWIVUEDAL,DPU.001.03 (2018/1),"Unicorn journey: Startup Your Own Business, Module 3",แนวคิดในการสร้างธุรกิจดิจิทัล โดยสร้างสรรค์นวัตกรรมที่มีคุณค่า แนวคิดทางธุรกิจและโมเดลทางธุรกิจที่ตอบสนองการแก้ไขปัญหาให้กับลูกค้ากลุ่มเป้าหมาย สื่อสารและสร้างความสัมพันธ์กับลูกค้าเป้าหมายอย่างสร้างสรรค์ การบริหารจัดการโลจิสติกส์ กฎหมายธุรกิจและทรัพย์สินทางปัญญา ภาษีธุรกิจ การหาแหล่งเงินทุนและบริหารความมั่นคงรวมทั้งการบัญชีเพื่อสร้างและบริหารธุรกิจดิจิทัล
3VVLFFEXB4QFLHEYISFB,2803381 (2018/2),International Advertising and Marketing Communications,"This is an exclusive online course for 2803381 International Advertising and Marketing Communication, Chulalongkorn University"
KTDV6J95MMM8T3NYTKJ8,CU.MOOC.004.03 (2018/2),Critical Thinking for Business รุ่นที่ 3,รายวิชา Critical Thinking for Business จะเป็นการศึกษาเรื่องกระบวนการคิด ตั้งแต่เรื่องกรอบความคิดเดิม (Paradigm) วิธีการตั้งคำถามแบบ Socratic Method และการคิดก่อนคิด (Thinking about Thinking) เพื่อคลายกรอบความคิดเดิม รวมถึงจะมีการนำเสนอเครื่องมือเพิ่มเติมในการฝึกคิด และกรณีศึกษาเกี่ยวกับกระบวนการคิดในรูปแบบต่างๆ
FNONNX6ZNA8NP3F1FCTV,CU.MOOC.021.02 (2018/2),มหากาพย์ อังกฤษ อัพเกรด: ตั้งไข่ไวยากรณ์ รุ่นที่ 2,รายวิชา มหากาพย์ อังกฤษ อัพเกรด: ตั้งไข่ไวยากรณ์ จะมีเนื้อหาที่ให้ความรู้เกี่ยวกับ เรื่อง Parts of Speech สอนให้ผู้เรียนรู้หน้าที่ของคำชนิดต่างๆ แยกคำชนิดต่างๆ ได้ โดยดูจาก suffixes สามารถนำความรู้เบื้องต้นนี้ไปใช้ได้อย่างถูกต้อง และสามารถทำโจทย์ที่ทดสอบเรื่อง parts of speech ได้ทุกรูปแบบ ไม่ว่าจะเป็นเติมคำ หรือ error identification
WJRPZZZ2IEYBGO5YLJ4U,CU.MOOC.032 (2018/2),การประชาสัมพันธ์ผ่านวิทยุและโทรทัศน์,รายวิชาการประชาสัมพันธ์ผ่านวิทยุและโทรทัศน์ จะเป็นการนำเสนอเนื้อหาเกี่ยวกับการประชาสัมพันธ์ผ่านสื่อวิทยุ และสื่อโทรทัศน์  โดยผู้สอนจะกล่าวถึงความรู้พื้นฐาน  ประวัติความเป็นมา ประเภทของรายการวิทยุ และโทรทัศน์  รูปแบบการประชาสัมพันธ์  วิธีการเขียนบทวิทยุ และการเขียนบทโทรทัศน์  พร้อมทั้งนำเสนอเทคนิคการผลิตสื่อประชาสัมพันธ์  นักประชาสัมพันธ์ที่ดีจะต้องรู้จักพัฒนากลยุทธ์การประชาสัมพันธ์ให้สอดคล้องกับสิ่งที่องค์กรต้องการ และเผยแพร่สื่อที่ดีเพื่อให้สื่อสามารถเข้าถึงมวลชนได้ตรงตามวัตถุประสงค์
8DVSLDRXSBL4GTEXMGMH,CU.MOOC.033 (2018/2),วิชาแพะ: นวัตกรรมทางระบบสืบพันธุ์ขั้นสูงเพื่อขับเคลื่อนการผลิตแพะ,วิชาแพะ : นวัตกรรมทางระบบสืบพันธุ์ขั้นสูงเพื่อขับเคลื่อนการผลิตแพะ เป็นการนำความรู้จากโครงการ “การพัฒนาประสิทธิภาพเทคโนโลยีการแช่แข็งตัวอ่อนแพะ แกะ และการจัดตั้งต้นแบบธุรกิจผลิตสัตว์เคี้ยวเอื้องขนาดเล็กด้วยเทคโนโลยีชีวภาพทางระบบสืบพันธุ์” มานำเสนอในรูปแบบออนไลน์  โดยมีการนำเสนอข้อมูลที่สำคัญและเป็นประโยชน์ และเป็นแนวทางในการนำเอาองค์ความรู้ด้านการผสมเทียมและการย้ายฝากตัวอ่อนที่สามารถช่วยพัฒนาปรับปรุงพันธุ์ และป้องกันโรคติดต่อทางการสืบพันธุ์ที่ยอมรับทั่วโลกมาสู่ภาคเอกชน  และสามารถตอบโจทย์กลุ่มเกษตรกรผู้เลี้ยงแพะ แกะ และนำไปสู่การวางแผนธุรกิจ รวมทั้งการเปิดวิสัยทัศน์ให้กับนิสิต นักศึกษาสัตวแพทย์ในการเรียนรู้ด้านนวัตกรรมทางระบบสืบพันธุ์ และการนำความรู้มาสู่การปฏิบัติจริงในการประกอบอาชีพในอนาคต
SNC85GBZ33BCQ5UPP0V3,CU.MOOC.034 (2018/2),ยานยนต์ไฟฟ้า - กุญแจสู่การสัญจรยุคหน้า (EV - The key to future mobility),สำหรับวิชา ยานยนต์ไฟฟ้า - กุญแจสู่การสัญจรยุคหน้า (EV - The key to future mobility) จะเป็นการนำเสนอเกี่ยวกับความรู้พื้นฐานเกี่ยวกับเทคโนโลยียานยนต์ไฟฟ้า และแนวคิดจากเทคโนโลยีใหม่ๆ โดยมุ่งเน้นใหผู้เรียนเห็นถึงโอกาสที่สังคมไทยจะได้ประโยชน์จากเทคโนโลยียานยนต์ไฟฟ้า และตระหนักถึงความท้าทายกว่าสังคมจะก้าวจากความเคลือบแคลงสงสัยสู่การโอบรับสนับสนุนการพัฒนาการใช้ประโยชน์ อุตสาหกรรม และธุรกิจที่เกี่ยวของกับยานยนตไฟฟ้า รวมไปถึงการสร้างความยั่งยืนให้กับสังคมโลกต่อไป
E3RVI697B01UP5E1M85J,FECAMP (2018/2),FEAT by FE Camp 12,
0UY15UUH9L0IULU6GDG5,TRC001.Basic.03 (2018/2),การควบคุมยาสูบพื้นฐาน (รอบที่ 3),
MMDD3WQPWTPBBPWHAG7R,CU.MOOC.022.02 (2018/2),เรื่องสิ่งแวดล้อมเรื่องของเรา: Environment 4.0 รุ่นที่ 2,รายวิชาเรื่องสิ่งแวดล้อมเรื่องของเรา : Environment 4.0 จะมีเนื้อหาเกี่ยวกับการเผยแพร่ความรู้พื้นฐานที่เกี่ยวกับสิ่งแวดล้อมรอบตัวมนุษย์ โดยมุ่งเน้นให้ผู้เรียนได้มีโอกาสเรียนรู้จากประสบการณ์จริงในสถานที่ต่างๆ ควบคู่ไปกับการเพิ่มพูนความรู้จากศาสตร์ที่เกี่ยวข้องไปพร้อมกัน ซึ่งเป็นการเพิ่มทักษะในการวิเคราะห์ ทำความเข้าใจปัญหาและแนวทางการดำเนินการที่เหมาะสม ในด้านเทคโนโลยี การจัดการ และการมีส่วนร่วมในการดูแลและรักษาทรัพยากรธรรมชาติและสิ่งแวดล้อม โดยอาศัยความรู้พื้นฐานด้านวิศวกรรมสิ่งแวดล้อม มาประยุกต์ใช้ให้เกิดประโยชน์ มุ่งเน้นให้ผู้เรียนสามารถวิเคราะห์และเรียนรู้ด้วยตนเอง รวมถึงเรียนรู้การทำงานร่วมกับผู้อื่น
W1ZAXUF9RMH9RXW23FPR,CU.MOOC.007.02 (2018/2),ภาษาอาหรับเบื้องต้น รุ่นที่ 2,"<h3>เกี่ยวกับรายวิชา</h3>
<p>รายวิชาภาษาอาหรับเบื้องต้น จะเป็นการศึกษาเกี่ยวกับความสำคัญของภาษาอาหรับเบื้องต้นและวิธีการเรียนภาษาอาหรับ รวมไปถึงความรู้ทั่วไปเกี่ยวกับภาษาอาหรับ ได้แก่ ลักษณะทางภายภาพของภาษาอาหรับ ภาษาที่ใช้ตัวอักษรอาหรับเป็นตัวเขียน การสาธิตการเขียนตัวอักษรอาหรับจากผู้เชี่ยวชาญ การออกเสียงและการใช้ Motion Graphic ประกอบคำบรรยาย</p><h3>วัตถุประสงค์</h3><ol><li>เป็นการเรียนรู้ความสำคัญของภาษาอาหรับเบื้องต้น โดยผู้เรียนสามารถเขียนภาษาอาหรับได้</li><li>เป็นการเรียนรู้ความสำคัญของภาษาอาหรับเบื้องต้น โดยผู้เรียนสามารถออกเสียงภาษาอาหรับได้</li></ol>"
U7F5UF69BSIK0VPCU0YR,CU.MOOC.023.02 (2018/2),มหากาพย์ อังกฤษ อัพเกรด: ไวยากรณ์พร้อมรบ รุ่นที่ 2,เนื้อหาที่ให้ความรู้ที่เน้นประเด็นไวยากรณ์ต่างๆ ที่ต้องใช้บ่อย รวมถึงเป็นกลุ่มที่มักพบเจอในข้อสอบ ดังนั้นจึงเน้นการสอนให้ผู้เรียนได้ทบทวนประเด็นไวยากรณ์จำเป็นที่เคยเรียนแล้ว ชี้ให้เห็นจุดที่มักพลาด รวมถึงให้ทำแบบฝึกหัดรูปแบบต่างๆ เพิ่มความพร้อมสู้ทุกสนามสอบ
1E4ZGDM7EPGXFLDK98QY,CU.MOOC.013.02 (2018/2),หลักการพื้นฐานทางกฎหมายทั่วไป รุ่นที่ 2,รายวิชา หลักการพื้นฐานทางกฎหมายทั่วไป จะเป็นการศึกษาเกี่ยวกับความสัมพันธ์ระหว่างสังคมและกฎเกณฑ์ความประพฤติ ความหมายและลักษณะของกฎหมาย ที่มาของกฎหมาย ศักดิ์ของกฎหมาย ขอบเขตการใช้กฎหมาย การตีความและการอุดช่องว่างของกฎหมาย และประเภทของกฎหมาย
SGP9F43DAG6T1JYH08LV,CU.MOOC.035 (2018/2),ทรัพย์สินทางปัญญากับธุรกิจ และการพัฒนานวัตกรรม,วิชาทรัพย์สินทางปัญญากับธุรกิจ และการพัฒนานวัตกรรม  เนื้อหาจะกล่าวถึง ความสำคัญของทรัพย์สินทางปัญญามีความสำคัญอย่างไรกับการทำธุรกิจและการพัฒนานวัตกรรม การคุ้มครองสิ่งประดิษฐ์ คิดค้น และสร้างสรรค์  ไม่ว่าจะเป็นการเพิ่มศักยภาพในการแข่งขันให้กับธุรกิจ และการสร้างภาพลักษณ์ให้แก่องค์กร  มาเรียนรู้ความหมายของคำว่า ทรัพย์สินทางปัญญาที่ถูกต้อง อะไรบ้างที่จัดเป็นทรัพย์สินทางปัญญา อายุความคุ้มครองนานเท่าใด ความรู้เรื่องสิทธิบัตร ประเภทสิทธิบัตร  เรื่องลิขสิทธิ์  ซึ่งเป็นการนำเสนอความรู้เรื่องทรัพย์สินทางปัญญาเกี่ยวกับ ธุรกิจ และการพัฒนานวัตกรรมให้แก่บุคลากร นิสิต นักศึกษา  บุคคลทั่วไป รวมไปถึงกลุ่มผู้ประกอบการทางด้านธุรกิจต่างๆ เพื่อนำไปใช้ประกอบการทำงานตามวิชาชีพ และประโยชน์ด้านอื่นๆ
797SYVREJDLR1NGTXEZ6,CU.MOOC.036 (2018/2),นาฏยกรรมสยาม ตอน “ลิเก มรดกไทยในยุคสังคมเมือง”,วิชานาฏยกรรมสยาม ตอน “ลิเก มรดกไทยในยุคสังคมเมือง” เป็นวิชาที่ต้องการเผยแพร่องค์ความรู้เกี่ยวกับประวัติความเป็นมา ประเภท  การดำรงชีวิตของนักแสดง  องค์ประกอบของการแสดง  เครื่องแต่งกาย ท่าร่ายรำ รวมไปถึงขั้นตอนและกระบวนการจัดแสดงลิเก  เพื่อให้แก่นิสิต นักศึกษา และประชาชนทั่วไปที่สนใจ  ได้ศึกษาเรียนรู้ศิลปวัฒนธรรมของไทย  และร่วมกันสืบสานและอนุรักษ์วัฒนธรรมไทยให้ลูกหลานได้ศึกษา
9WCRCY8QA1QIDTGAO4KN,Achieve.Michelin0201 (2018/2),Intro to Social Psychology for Business (Michelin),ผู้เรียนจะได้เรียนรู้เกี่ยวกับการสื่อสารของมนุษย์ในเชิงธุรกิจ ลักษณะขององค์กรธุรกิจ โดยเฉพาะหลักในการโน้มน้าวใจและการมีอิทธิพลต่อพฤติกรรมของผู้รับสาร เช่น ผู้บริโภค เพื่อนร่วมงาน และผู้บังคับบัญชา รวมถึงการทำความเข้าใจเกี่ยวกับอวัจนภาษาต่างๆ อาทิ การแต่งกาย ท่าทาง สีหน้า น้ำเสียง เป็นต้น
YTRCPGFO30F379XPNF3C,Achieve.Michelin0202 (2018/2),Storytelling Structure & Media Design (Michelin),ผู้เรียนจะได้เรียนรู้เกี่ยวกับการเล่าเรื่อง การจัดทำโครงสร้าง องค์ประกอบ ขั้นตอน เทคนิคการอุปมาและการเปรียบเทียบ ตลอดจนการออกแบบสื่อ เช่น สไลด์นำเสนอ ข่าวประชาสัมพันธ์ สื่อประชาสัมพันธ์ เช่น สื่อสังคม (Social media)  เหตุการณ์พิเศษ (Special Event) เพื่อให้สามารถเลือกใช้สื่อให้เหมาะสมกับเนื้อหาและบริบท
037WNEP3Q5VU8FUNFB1N,Achieve.Michelin0203 (2018/2),Effective Presentation Delivery (Michelin),ผู้เรียนจะได้เรียนรู้เกี่ยวกับหลักการนำเสนอ การจัดเตรียมโครงสร้าง องค์ประกอบ ขั้นตอน เทคนิคการอุปมาและการเปรียบเทียบ การเลือกใช้ภาษาและอวัจนภาษาต่างๆ ที่เกี่ยวข้องในการนำเสนอได้อย่างถูกต้อง ครบถ้วน และมีประสิทธิภาพ รวมถึงการออกแบบและเลือกใช้สื่อที่เหมาะสมในการนำเสนอต่างๆ เช่น การนำเสนอเพื่อให้ข้อมูล การนำเสนอเพื่อโน้มน้าวใจ การนำเสนอเพื่อความบันเทิง
SZ8FTZG0ALWCIOO9XZ8P,Achieve.Michelin0204 (2018/2),Negotiation & Value Creation (Michelin),"ผู้เรียนจะได้เรียนรู้เกี่ยวกับกลยุทธ์ที่ใช้ในการเจรจาต่อรอง ประเภทของการเจรจาต่อรอง หลักการจัดการความตึงเครียดระหว่างการเจรจาต่อรอง หลักการฟังเชิงรุก (Active listening)  ข้อควรระวังในเจรจาต่อรอง กระบวนการเจรจาต่อรอง เช่น การจัดลำดับการเจรจาต่อรอง การเตรียมการเจรจาต่อรอง จิตวิทยาที่เกี่ยวข้องกับการเจรจาต่อรอง การบรรลุเป้าหมายของการเจรจาต่อรอง การทำสัญญาและข้อตกลง เทคนิคการจัดการกับข้อเรียกร้องในระหว่างการเจราจาต่อรอง การสร้างเงื่อนไข: Anchoring, Overconfidence, Framing, Availability การสร้างเงื่อนไข: Escalation, Reciprocation, Contrast การจัดการความขัดแย้งในระหว่างการเจราจาต่อรอง"
NE55B4QHA5BA5KEQ57YH,Achieve.Michelin0205 (2018/2),Persuasive Presentation & Negotiation Pathway Test (Michelin),
Z426HIYWTFYPXGQJIK7E,Achieve.PUBLIC0103.CLONED (2019/1),Practical Data Analytics Using RapidMiner,การศึกษาและวิเคราะห์ข้อมูลด้วย Machine Learning โดยใช้โปรแกรม RapidMiner เพื่อให้เข้าใจถึงความสัมพันธ์ของข้อมูล พฤติกรรมต่าง ๆ ของลูกค้า และใช้ในการทำนายข้อมูล ซึ่งจะช่วยสนับสนุนการวางแผนและตัดสินใจทางธุรกิจได้
9Y2S2JKZU3WI0DK3AKU2,CU.MOOC.039 (2018/2),Practical Data Analytics Using RapidMiner,การศึกษาและวิเคราะห์ข้อมูลด้วย Machine Learning โดยใช้โปรแกรม RapidMiner เพื่อให้เข้าใจถึงความสัมพันธ์ของข้อมูล พฤติกรรมต่าง ๆ ของลูกค้า และใช้ในการทำนายข้อมูล ซึ่งจะช่วยสนับสนุนการวางแผนและตัดสินใจทางธุรกิจได้
GPZXA7604UV7DIZREU2M,FECAMP.CLONED (2018/3),Test Course (do not register),
7UH9AXXH9HVCD0IGRXR2,CU.MOOC.024.02 (2018/2),มหากาพย์ อังกฤษ อัพเกรด : โค้งสุดท้ายไวยากรณ์ และการออกเสียงภาษาอังกฤษ รุ่นที่ 2,"รายวิชา มหากาพย์ อังกฤษ อัพเกรด : โค้งสุดท้ายไวยากรณ์และการออกเสียงภาษาอังกฤษ จะเป็นการสรุปประเด็นไวยากรณ์ที่พบบ่อยในข้อสอบ ติวเข้มสำหรับผู้ที่มีเวลาจำกัด ทบทวนประเด็นเพิ่มความมั่นใจก่อนเข้าสนามสอบ และสอนเกี่ยวกับ problem sounds, word stress และ linking sounds รวมถึงการออกเสียงเบื้องต้น"
MG5DJQN7QCK3ECIM11H0,CU.MOOC.037 (2018/2),คนรักสุนัข: Dog Lover,วิชา คนรักสุนัข : Dog Lover เป็นวิชาที่เริ่มต้นจากคนที่รักสุนัขและลงท้ายด้วยความเข้าใจว่าจะต้อง ดูแลสุนัขอย่างไร โดยเนื้อหาวิชานี้เปรียบเสมือนคู่มือการเลี้ยงสุนัขเบื้องต้นเพราะว่าจะนำเสนอรายละเอียดเกี่ยวกับ  วิธีการเลือกสุนัข   การเข้าใจพฤติกรรมของสุนัข การดูแลสุขภาพเบื้องต้น การเลือกอาหาร  การสังเกตอาการป่วย  ความเข้าใจเกี่ยวกับโรคติดต่อต่างๆ   การคุมกำเนิด  รวมถึงการดูแลสุนัขในช่วงอายุต่างๆ
KLHPQ3A1EASE5AWHQMXA,CU.MOOC.038 (2018/2),สืบสานสาระมหาชาติ (คำหลวง),วิชา สืบสานสาระมหาชาติ (คำหลวง) เป็นความรู้เบื้องต้นเกี่ยวกับวรรณคดีเรื่องมหาชาติและการเทศน์มหาชาติมาเผยแพร่ในรูปแบบออนไลน์เพื่อให้ความรู้แก่ประชาคมทุกระดับอย่างกว้างขวาง  โดยมีการเรียบเรียง และคัดสรรเนื้อหาที่ให้ผู้เรียนสามารถเข้าใจได้ง่าย ถูกต้องและเหมาะสม
W7KHRBJDOONVYVJHV5YG,CU.MOOC.021.CU01(2019/1),มหากาพย์ อังกฤษ อัพเกรด: ตั้งไข่ไวยากรณ์ (จุฬาฯ),รายวิชา มหากาพย์ อังกฤษ อัพเกรด: ตั้งไข่ไวยากรณ์ จะมีเนื้อหาที่ให้ความรู้เกี่ยวกับ เรื่อง Parts of Speech สอนให้ผู้เรียนรู้หน้าที่ของคำชนิดต่างๆ แยกคำชนิดต่างๆ ได้ โดยดูจาก suffixes สามารถนำความรู้เบื้องต้นนี้ไปใช้ได้อย่างถูกต้อง และสามารถทำโจทย์ที่ทดสอบเรื่อง parts of speech ได้ทุกรูปแบบ ไม่ว่าจะเป็นเติมคำ หรือ error identification
MEJPZX79SXPLJJE5DWI4,CU.MOOC.021.CU01 (2018/2),มหากาพย์ อังกฤษ อัพเกรด: ตั้งไข่ไวยากรณ์ (จุฬาฯ),รายวิชา มหากาพย์ อังกฤษ อัพเกรด: ตั้งไข่ไวยากรณ์ จะมีเนื้อหาที่ให้ความรู้เกี่ยวกับ เรื่อง Parts of Speech สอนให้ผู้เรียนรู้หน้าที่ของคำชนิดต่างๆ แยกคำชนิดต่างๆ ได้ โดยดูจาก suffixes สามารถนำความรู้เบื้องต้นนี้ไปใช้ได้อย่างถูกต้อง และสามารถทำโจทย์ที่ทดสอบเรื่อง parts of speech ได้ทุกรูปแบบ ไม่ว่าจะเป็นเติมคำ หรือ error identification
9WHKW5SSD42H3TYIRYNJ,CU.MOOC.023.CU01 (2018/2),มหากาพย์ อังกฤษ อัพเกรด: ไวยากรณ์พร้อมรบ (จุฬาฯ),เนื้อหาที่ให้ความรู้ที่เน้นประเด็นไวยากรณ์ต่างๆ ที่ต้องใช้บ่อย รวมถึงเป็นกลุ่มที่มักพบเจอในข้อสอบ ดังนั้นจึงเน้นการสอนให้ผู้เรียนได้ทบทวนประเด็นไวยากรณ์จำเป็นที่เคยเรียนแล้ว ชี้ให้เห็นจุดที่มักพลาด รวมถึงให้ทำแบบฝึกหัดรูปแบบต่างๆ เพิ่มความพร้อมสู้ทุกสนามสอบ
40PSTXK64481ALC67LO9,CU.MOOC.024.CU01 (2018/2),มหากาพย์ อังกฤษ อัพเกรด : โค้งสุดท้ายไวยากรณ์ และการออกเสียงภาษาอังกฤษ (จุฬาฯ),"รายวิชา มหากาพย์ อังกฤษ อัพเกรด : โค้งสุดท้ายไวยากรณ์และการออกเสียงภาษาอังกฤษ จะเป็นการสรุปประเด็นไวยากรณ์ที่พบบ่อยในข้อสอบ ติวเข้มสำหรับผู้ที่มีเวลาจำกัด ทบทวนประเด็นเพิ่มความมั่นใจก่อนเข้าสนามสอบ และสอนเกี่ยวกับ problem sounds, word stress และ linking sounds รวมถึงการออกเสียงเบื้องต้น"
AM1BP7KG0M1841Q1C9XS,CU.MOOC.025.CU01 (2018/2),มหากาพย์ อังกฤษ อัพเกรด : ศัพท์ทะลุ อ่านทะลวง (จุฬาฯ),รายวิชา มหากาพย์ อังกฤษ อัพเกรด : ศัพท์ทะลุ อ่านทะลวง จะสอนเกี่ยวกับรากศัพท์และ Prefixes ที่พบบ่อย รวมถึงเทคนิคการเดาความหมายคำศัพท์จากบริบท เทคนิคการอ่าน และคำถามที่พบบ่อยในข้อสอบ Reading Comprehension
RMRKTDDSI38XQX4A738D,CU.MOOC.027.CU01 (2018/2),มหากาพย์ อังกฤษ อัพเกรด: Conversation มั่นใจ (จุฬาฯ),"รายวิชา มหากาพย์ อังกฤษ อัพเกรด : Conversation มั่นใจ จะสอนเทคนิควิธีทำข้อสอบแนว Conversation หรือ Part ที่เรียกว่า Speaking โดยนำเสนอ Expressions, Idioms หรือ Proverbs ที่พบเห็นบ่อยในชีวิตจริง และในข้อสอบ นอกจากนี้สามารถนำไปใช้เตรียมตัวสอบได้อย่างมั่นใจ รวมถึงสามารถใช้สื่อสารในชีวิตประจำวัน"
5Q77324S9RW1A7KESZGE,Achieve.PUBLIC0201 (2018/2),Intro to Social Psychology for Business,ผู้เรียนจะได้เรียนรู้เกี่ยวกับการสื่อสารของมนุษย์ในเชิงธุรกิจ ลักษณะขององค์กรธุรกิจ โดยเฉพาะหลักในการโน้มน้าวใจและการมีอิทธิพลต่อพฤติกรรมของผู้รับสาร เช่น ผู้บริโภค เพื่อนร่วมงาน และผู้บังคับบัญชา รวมถึงการทำความเข้าใจเกี่ยวกับอวัจนภาษาต่างๆ อาทิ การแต่งกาย ท่าทาง สีหน้า น้ำเสียง เป็นต้น
KDL2TK4EHUGSZ20ZBR8Q,Achieve.PUBLIC0202 (2018/2),Storytelling Structure & Media Design,ผู้เรียนจะได้เรียนรู้เกี่ยวกับการเล่าเรื่อง การจัดทำโครงสร้าง องค์ประกอบ ขั้นตอน เทคนิคการอุปมาและการเปรียบเทียบ ตลอดจนการออกแบบสื่อ เช่น สไลด์นำเสนอ ข่าวประชาสัมพันธ์ สื่อประชาสัมพันธ์ เช่น สื่อสังคม (Social media)  เหตุการณ์พิเศษ (Special Event) เพื่อให้สามารถเลือกใช้สื่อให้เหมาะสมกับเนื้อหาและบริบท
QSXMX8FLL0DQHSX3DED0,Achieve.PUBLIC0203 (2018/2),Effective Presentation Delivery,ผู้เรียนจะได้เรียนรู้เกี่ยวกับหลักการนำเสนอ การจัดเตรียมโครงสร้าง องค์ประกอบ ขั้นตอน เทคนิคการอุปมาและการเปรียบเทียบ การเลือกใช้ภาษาและอวัจนภาษาต่างๆ ที่เกี่ยวข้องในการนำเสนอได้อย่างถูกต้อง ครบถ้วน และมีประสิทธิภาพ รวมถึงการออกแบบและเลือกใช้สื่อที่เหมาะสมในการนำเสนอต่างๆ เช่น การนำเสนอเพื่อให้ข้อมูล การนำเสนอเพื่อโน้มน้าวใจ การนำเสนอเพื่อความบันเทิง
MVT2JPCEVTK3I0014PPM,Achieve.PUBLIC0204 (2018/2),Negotiation & Value Creation,"ผู้เรียนจะได้เรียนรู้เกี่ยวกับกลยุทธ์ที่ใช้ในการเจรจาต่อรอง ประเภทของการเจรจาต่อรอง หลักการจัดการความตึงเครียดระหว่างการเจรจาต่อรอง หลักการฟังเชิงรุก (Active listening)  ข้อควรระวังในเจรจาต่อรอง กระบวนการเจรจาต่อรอง เช่น การจัดลำดับการเจรจาต่อรอง การเตรียมการเจรจาต่อรอง จิตวิทยาที่เกี่ยวข้องกับการเจรจาต่อรอง การบรรลุเป้าหมายของการเจรจาต่อรอง การทำสัญญาและข้อตกลง เทคนิคการจัดการกับข้อเรียกร้องในระหว่างการเจราจาต่อรอง การสร้างเงื่อนไข: Anchoring, Overconfidence, Framing, Availability การสร้างเงื่อนไข: Escalation, Reciprocation, Contrast การจัดการความขัดแย้งในระหว่างการเจราจาต่อรอง"
702VS2UKEBUWCEBPDPX4,Achieve.PUBLIC0205 (2018/2),Persuasive Presentation & Negotiation Pathway Test,
OWB7JPHS8XWA4G4UPS1V,CU.MOOC.008.04 (2018/2),การสร้าง Infographics: What & How? รุ่นที่ 4,รายวิชาการสร้าง Infographics : What & How? จะเป็นการศึกษาเกี่ยวกับการสร้าง Infographic รูปแบบต่างๆผ่านโปรแกรม Microsoft Office : Powerpoint ได้แก่ การสร้างแผนภูมิแท่ง แผนภูมิโดนัท แผนภูมิรูปภาพ Infographic ภาพจริง รวมถึงการจัดองค์ประกอบภาพนิ่ง การเลือกฟอนท์ การคิดคำพาดหัว การทำภาพเคลื่อนไหว และการบันทึกไฟล์
MG1H21OM7NLWGXCITL1P,CU.MOOC.001.04 (2018/2),การตลาดในศตวรรษที่ 21 รุ่นที่ 4,รายวิชาการตลาดในศตวรรษที่ 21 จะเป็นการศึกษาเกี่ยวกับนิยามของการตลาด แนวคิดหลักเกี่ยวกับการตลาดตั้งแต่อดีตจนถึงปัจจุบัน และการตลาดแบบองค์รวม (Holistic Marketing) ซึ่งเป็นสิ่งที่สำคัญสำหรับการตลาดในศตวรรษที่ 21
BG8495KA1NPX7915ABWC,CU.MOOC.025.02 (2018/2),มหากาพย์ อังกฤษ อัพเกรด : ศัพท์ทะลุ อ่านทะลวง รุ่นที่ 2,รายวิชา มหากาพย์ อังกฤษ อัพเกรด : ศัพท์ทะลุ อ่านทะลวง จะสอนเกี่ยวกับรากศัพท์และ Prefixes ที่พบบ่อย รวมถึงเทคนิคการเดาความหมายคำศัพท์จากบริบท เทคนิคการอ่าน และคำถามที่พบบ่อยในข้อสอบ Reading Comprehension
12VY93TP8W1EE2XXBUGW,CU.MOOC.040 (2018/2),Principles of innovation and entrepreneurship,วิชา Principles of innovation and entrepreneurship จะเป็นการเผยแพร่ความรู้เกี่ยวกับ นวัตกรรมทางสัตวแพทย์  ความสำคัญของนวัตกรรม แนวคิด และประเภทนวัตกรรม  ปัจจัยสู่ความสำเร็จในการสร้างนวัตกรรม  การบริการงานธุรกิจและการจัดการการเงินสำหรับสัตวแพทย์  โดยทีมผู้สอนมีแนวคิดว่า สัตวแพทย์ควรได้รับการพัฒนาให้เป็นผู้สร้างเทคโนโลยีและนวัตกรรม เพื่อนำไปใช้ให้ทันยุคสมัย  การเป็นสัตวแพทย์นวัตกรนั้น จะต้องมีการเรียนรู้ ฝึกฝน มีการสร้างนิเวศน์ในการทำงานอย่างเป็นระบบ เพื่อให้ความคิดสร้างสรรค์นั้นสามารถต่อยอด นำไปใช้ประโยชน์ และสร้างคุณค่า ไม่ว่าจะในด้านธุรกิจหรือคุณค่าต่อเกษตรกรได้ จึงจะเรียกได้ว่าเป็นนวัตกรรม
